"MEDV","CRIM","ZN","INDUS","CHAS","NOX","RM","AGE","DIS","RAD","TAX","PTRATIO","B","LSTAT","set"
24,0.00632,18,2.31,0.511834889894044,0.538,6.575,65.2,4.09,1,296,15.3,396.9,4.98,"train"
21.6,0.02731,0,7.07,0.361899395169887,0.469,6.421,78.9,4.9671,2,242,17.8,396.9,9.14,"train"
34.7,0.02729,0,7.07,0.511590977850724,0.469,7.185,61.1,4.9671,2,242,17.8,392.83,4.03,"train"
33.4,0.03237,0,2.18,0.683297642012403,0.458,6.998,45.8,6.0622,3,222,18.7,394.63,2.94,"train"
36.2,0.06905,0,2.18,0.706589425646274,0.458,7.147,54.2,6.0622,3,222,18.7,396.9,5.33,"train"
28.7,0.02985,0,2.18,0.463806098710651,0.458,6.43,58.7,6.0622,3,222,18.7,394.12,5.21,"train"
22.9,0.08829,12.5,7.87,0.311408651297501,0.524,6.012,66.6,5.5605,5,311,15.2,395.6,12.43,"train"
27.1,0.14455,12.5,7.87,0.425842684066715,0.524,6.172,96.1,5.9505,5,311,15.2,396.9,19.15,"test"
16.5,0.21124,12.5,7.87,0.467253884071321,0.524,5.631,100,6.0821,5,311,15.2,386.63,29.93,"train"
18.9,0.17004,12.5,7.87,0.511072454111875,0.524,6.004,85.9,6.5921,5,311,15.2,386.71,17.1,"test"
15,0.22489,12.5,7.87,0.423782739435653,0.524,6.377,94.3,6.3467,5,311,15.2,392.52,20.45,"train"
18.9,0.11747,12.5,7.87,0.62769356161454,0.524,6.009,82.9,6.2267,5,311,15.2,396.9,13.27,"train"
21.7,0.09378,12.5,7.87,0.281661693726544,0.524,5.889,39,5.4509,5,311,15.2,390.5,15.71,"train"
20.4,0.62976,0,8.14,0.458208561736806,0.538,5.949,61.8,4.7075,4,307,21,396.9,8.26,"test"
18.2,0.63796,0,8.14,0.740007744801543,0.538,6.096,84.5,4.4619,4,307,21,380.02,10.26,"test"
19.9,0.62739,0,8.14,0.284098746352649,0.538,5.834,56.5,4.4986,4,307,21,395.62,8.47,"test"
23.1,1.05393,0,8.14,0.843792710455981,0.538,5.935,29.3,4.4986,4,307,21,386.85,6.58,"train"
17.5,0.7842,0,8.14,0.624347203086635,0.538,5.99,81.7,4.2579,4,307,21,386.75,14.67,"test"
20.2,0.80271,0,8.14,0.440799930071464,0.538,5.456,36.6,3.7965,4,307,21,288.99,11.69,"test"
18.2,0.7258,0,8.14,0.43039265986781,0.538,5.727,69.5,3.7965,4,307,21,390.95,11.28,"train"
13.6,1.25179,0,8.14,0.681740817776177,0.538,5.57,98.1,3.7979,4,307,21,376.57,21.02,"test"
19.6,0.85204,0,8.14,0.471788256730254,0.538,5.965,89.2,4.0123,4,307,21,392.53,13.83,"test"
15.2,1.23247,0,8.14,0.359303839829904,0.538,6.142,91.7,3.9769,4,307,21,396.9,18.72,"test"
14.5,0.98843,0,8.14,0.416249929414594,0.538,5.813,100,4.0952,4,307,21,394.54,19.88,"train"
15.6,0.75026,0,8.14,0.306999131181284,0.538,5.924,94.1,4.3996,4,307,21,394.33,16.3,"train"
13.9,0.84054,0,8.14,0.670700478742826,0.538,5.599,85.7,4.4546,4,307,21,303.42,16.51,"test"
16.6,0.67191,0,8.14,0.663000631325206,0.538,5.813,90.3,4.682,4,307,21,376.88,14.81,"train"
14.8,0.95577,0,8.14,0.65204315067823,0.538,6.047,88.8,4.4534,4,307,21,306.38,17.28,"test"
18.4,0.77299,0,8.14,0.614836414760116,0.538,6.495,94.4,4.4547,4,307,21,387.94,12.8,"train"
21,1.00245,0,8.14,0.603095697586452,0.538,6.674,87.3,4.239,4,307,21,380.23,11.98,"train"
12.7,1.13081,0,8.14,0.337422028826256,0.538,5.713,94.1,4.233,4,307,21,360.17,22.6,"train"
14.5,1.35472,0,8.14,0.148644239481243,0.538,6.072,100,4.175,4,307,21,376.73,13.04,"train"
13.2,1.38799,0,8.14,0.22759881334387,0.538,5.95,82,3.99,4,307,21,232.6,27.71,"test"
13.1,1.15172,0,8.14,0.449836888737129,0.538,5.701,95,3.7872,4,307,21,358.77,18.35,"train"
13.5,1.61282,0,8.14,0.532040338664786,0.538,6.096,96.9,3.7598,4,307,21,248.31,20.34,"test"
18.9,0.06417,0,5.96,0.120727986715722,0.499,5.933,68.2,3.3603,5,279,19.2,396.9,9.68,"test"
20,0.09744,0,5.96,0.287799252175434,0.499,5.841,61.4,3.3779,5,279,19.2,377.56,11.41,"train"
21,0.08014,0,5.96,0.430142797040394,0.499,5.85,41.5,3.9342,5,279,19.2,396.9,8.77,"train"
24.7,0.17505,0,5.96,0.715653109334747,0.499,5.966,30.2,3.8473,5,279,19.2,393.43,10.13,"train"
30.8,0.02763,75,2.95,0.534532461962769,0.428,6.595,21.8,5.4011,3,252,18.3,395.63,4.32,"test"
34.9,0.03359,75,2.95,0.346866817292585,0.428,7.024,15.8,5.4011,3,252,18.3,395.62,1.98,"test"
26.6,0.12744,0,6.91,0.649182426007123,0.448,6.77,2.9,5.7209,3,233,17.9,385.41,4.84,"train"
25.3,0.1415,0,6.91,0.38377902191672,0.448,6.169,6.6,5.7209,3,233,17.9,383.37,5.81,"test"
24.7,0.15936,0,6.91,0.154834283589464,0.448,6.211,6.5,5.7209,3,233,17.9,394.46,7.44,"train"
21.2,0.12269,0,6.91,0.562477192465513,0.448,6.069,40,5.7209,3,233,17.9,389.39,9.55,"train"
19.3,0.17142,0,6.91,0.370040458228309,0.448,5.682,33.8,5.1004,3,233,17.9,396.9,10.21,"train"
20,0.18836,0,6.91,0.88139433842996,0.448,5.786,33.3,5.1004,3,233,17.9,396.9,14.15,"train"
16.6,0.22927,0,6.91,0.266527553209382,0.448,6.03,85.5,5.6894,3,233,17.9,392.74,18.8,"test"
14.4,0.25387,0,6.91,0.460845441713207,0.448,5.399,95.3,5.87,3,233,17.9,396.9,30.81,"test"
19.4,0.21977,0,6.91,0.418939970986013,0.448,5.602,62,6.0877,3,233,17.9,396.9,16.2,"test"
19.7,0.08873,21,5.64,0.384771467226956,0.439,5.963,45.7,6.8147,4,243,16.8,395.56,13.45,"train"
20.5,0.04337,21,5.64,0.673477281636603,0.439,6.115,63,6.8147,4,243,16.8,393.97,9.43,"train"
25,0.0536,21,5.64,0.51225662757659,0.439,6.511,21.1,6.8147,4,243,16.8,396.9,5.28,"train"
23.4,0.04981,21,5.64,0.513418260759754,0.439,5.998,21.4,6.8147,4,243,16.8,396.9,8.43,"train"
18.9,0.0136,75,4,0.249512848489503,0.41,5.888,47.6,7.3197,3,469,21.1,396.9,14.8,"train"
35.4,0.01311,90,1.22,0.245257216665703,0.403,7.249,21.9,8.6966,5,226,17.9,395.93,4.81,"train"
24.7,0.02055,85,0.74,0.482132822701345,0.41,6.383,35.7,9.1876,2,313,17.3,396.9,5.77,"train"
31.6,0.01432,100,1.32,0.549287118500225,0.411,6.816,40.5,8.3248,5,256,15.1,392.9,3.95,"train"
23.3,0.15445,25,5.13,0.390676305772973,0.453,6.145,29.2,7.8148,8,284,19.7,390.68,6.86,"test"
19.6,0.10328,25,5.13,0.640257472819889,0.453,5.927,47.2,6.932,8,284,19.7,396.9,9.22,"test"
18.7,0.14932,25,5.13,0.414480996082896,0.453,5.741,66.2,7.2254,8,284,19.7,395.11,13.15,"train"
16,0.17171,25,5.13,0.281720332881976,0.453,5.966,93.4,6.8185,8,284,19.7,378.08,14.44,"train"
22.2,0.11027,25,5.13,0.535740894165668,0.453,6.456,67.8,7.2255,8,284,19.7,396.9,6.73,"train"
25,0.1265,25,5.13,0.252216181393848,0.453,6.762,43.4,7.9809,8,284,19.7,395.58,9.5,"test"
33,0.01951,17.5,1.38,0.397376537006966,0.4161,7.104,59.5,9.2229,3,216,18.6,393.24,8.05,"train"
23.5,0.03584,80,3.37,0.165207786892751,0.398,6.29,17.8,6.6115,4,337,16.1,396.9,4.67,"train"
19.4,0.04379,80,3.37,0.590398157944917,0.398,5.787,31.1,6.6115,4,337,16.1,396.9,10.24,"train"
22,0.05789,12.5,6.07,0.328746374927924,0.409,5.878,21.4,6.498,4,345,18.9,396.21,8.1,"test"
17.4,0.13554,12.5,6.07,0.719423511687905,0.409,5.594,36.8,6.498,4,345,18.9,396.9,13.09,"train"
20.9,0.12816,12.5,6.07,0.621585419407685,0.409,5.885,33,6.498,4,345,18.9,396.9,8.79,"train"
24.2,0.08826,0,10.81,0.431001178547233,0.413,6.417,6.6,5.2873,4,305,19.2,383.73,6.72,"train"
21.7,0.15876,0,10.81,0.246959559058188,0.413,5.961,17.5,5.2873,4,305,19.2,376.94,9.88,"train"
22.8,0.09164,0,10.81,0.75210163820756,0.413,6.065,7.8,5.2873,4,305,19.2,390.91,5.52,"train"
23.4,0.19539,0,10.81,0.420412105709887,0.413,6.245,6.2,5.2873,4,305,19.2,377.17,7.54,"train"
24.1,0.07896,0,12.83,0.490921670086339,0.437,6.273,6,4.2515,5,398,18.7,394.92,6.78,"test"
21.4,0.09512,0,12.83,0.545014833087246,0.437,6.286,45,4.5026,5,398,18.7,383.23,8.94,"train"
20,0.10153,0,12.83,0.623343630935828,0.437,6.279,74.5,4.0522,5,398,18.7,373.66,11.97,"train"
20.8,0.08707,0,12.83,0.505523097080865,0.437,6.14,45.8,4.0905,5,398,18.7,386.96,10.27,"train"
21.2,0.05646,0,12.83,0.392075048123076,0.437,6.232,53.7,5.0141,5,398,18.7,386.4,12.34,"test"
20.3,0.08387,0,12.83,0.107001935275084,0.437,5.874,36.6,4.5026,5,398,18.7,396.06,9.1,"train"
28,0.04113,25,4.86,0.569889136344665,0.426,6.727,33.5,5.4007,4,281,19,396.9,5.29,"train"
23.9,0.04462,25,4.86,0.468131382678265,0.426,6.619,70.4,5.4007,4,281,19,395.63,7.22,"train"
24.8,0.03659,25,4.86,0.69213300972406,0.426,6.302,32.2,5.4007,4,281,19,396.9,6.72,"test"
22.9,0.03551,25,4.86,0.629177175731297,0.426,6.167,46.7,5.4007,4,281,19,390.64,7.51,"train"
23.9,0.05059,0,4.49,0.477683840611305,0.449,6.389,48,4.7794,3,247,18.5,396.9,9.62,"test"
26.6,0.05735,0,4.49,0.480075952530773,0.449,6.63,56.1,4.4377,3,247,18.5,392.3,6.53,"test"
22.5,0.05188,0,4.49,0.280192692985518,0.449,6.015,45.1,4.4272,3,247,18.5,395.99,12.86,"train"
22.2,0.07151,0,4.49,0.563579280699415,0.449,6.121,56.8,3.7476,3,247,18.5,395.15,8.44,"test"
23.6,0.0566,0,3.41,0.286874595813915,0.489,7.007,86.3,3.4217,2,270,17.8,396.9,5.5,"test"
28.7,0.05302,0,3.41,0.462355241848414,0.489,7.079,63.1,3.4145,2,270,17.8,396.06,5.7,"train"
22.6,0.04684,0,3.41,0.385665945633322,0.489,6.417,66.1,3.0923,2,270,17.8,392.18,8.81,"train"
22,0.03932,0,3.41,0.403392417033224,0.489,6.405,73.9,3.0921,2,270,17.8,393.55,8.2,"train"
22.9,0.04203,28,15.04,0.417449258128255,0.464,6.442,53.6,3.6659,4,270,18.2,395.01,8.16,"test"
25,0.02875,28,15.04,0.720463036373104,0.464,6.211,28.9,3.6659,4,270,18.2,396.33,6.21,"train"
20.6,0.04294,28,15.04,0.170568373762976,0.464,6.249,77.3,3.615,4,270,18.2,396.9,10.59,"train"
28.4,0.12204,0,2.89,0.48070976569277,0.445,6.625,57.8,3.4952,2,276,18,357.98,6.65,"train"
21.4,0.11504,0,2.89,0.522484427988312,0.445,6.163,69.6,3.4952,2,276,18,391.83,11.34,"test"
38.7,0.12083,0,2.89,0.388376660142147,0.445,8.069,76,3.4952,2,276,18,396.9,4.21,"train"
43.8,0.08187,0,2.89,0.465571342816626,0.445,7.82,36.9,3.4952,2,276,18,393.53,3.57,"train"
33.2,0.0686,0,2.89,0.285953615942703,0.445,7.416,62.5,3.4952,2,276,18,396.9,6.19,"train"
27.5,0.14866,0,8.56,0.251367050072493,0.52,6.727,79.9,2.7778,5,384,20.9,394.76,9.42,"train"
26.5,0.11432,0,8.56,0.600537370964937,0.52,6.781,71.3,2.8561,5,384,20.9,395.58,7.67,"test"
18.6,0.22876,0,8.56,0.380652083688883,0.52,6.405,85.4,2.7147,5,384,20.9,70.8,10.63,"test"
19.3,0.21161,0,8.56,0.184767132666037,0.52,6.137,87.4,2.7147,5,384,20.9,394.47,13.44,"train"
20.1,0.1396,0,8.56,0.384617382029679,0.52,6.167,90,2.421,5,384,20.9,392.69,12.33,"train"
19.5,0.13262,0,8.56,0.503493014278641,0.52,5.851,96.7,2.1069,5,384,20.9,394.05,16.47,"train"
19.5,0.1712,0,8.56,0.491392213823201,0.52,5.836,91.9,2.211,5,384,20.9,395.67,18.66,"test"
20.4,0.13117,0,8.56,0.322848800658455,0.52,6.127,85.2,2.1224,5,384,20.9,387.69,14.09,"train"
19.8,0.12802,0,8.56,0.351214816376488,0.52,6.474,97.1,2.4329,5,384,20.9,395.24,12.27,"train"
19.4,0.26363,0,8.56,0.285109153807836,0.52,6.229,91.2,2.5451,5,384,20.9,391.23,15.55,"train"
21.7,0.10793,0,8.56,0.577904399246026,0.52,6.195,54.4,2.7778,5,384,20.9,393.49,13,"train"
22.8,0.10084,0,10.01,0.577233689700033,0.547,6.715,81.6,2.6775,6,432,17.8,395.59,10.16,"test"
18.8,0.12329,0,10.01,0.701648614856942,0.547,5.913,92.9,2.3534,6,432,17.8,394.95,16.21,"train"
18.7,0.22212,0,10.01,0.589193551889492,0.547,6.092,95.4,2.548,6,432,17.8,396.9,17.09,"train"
18.5,0.14231,0,10.01,0.662517230741069,0.547,6.254,84.2,2.2565,6,432,17.8,388.74,10.45,"train"
18.3,0.17134,0,10.01,0.574157460019981,0.547,5.928,88.2,2.4631,6,432,17.8,344.91,15.76,"test"
21.2,0.13158,0,10.01,0.446583677366227,0.547,6.176,72.5,2.7301,6,432,17.8,393.3,12.04,"train"
19.2,0.15098,0,10.01,0.653439439639193,0.547,6.021,82.6,2.7474,6,432,17.8,394.51,10.3,"train"
20.4,0.13058,0,10.01,0.39513411157378,0.547,5.872,73.1,2.4775,6,432,17.8,338.63,15.37,"train"
19.3,0.14476,0,10.01,0.50381889253993,0.547,5.731,65.2,2.7592,6,432,17.8,391.5,13.61,"train"
22,0.06899,0,25.65,0.470015018305732,0.581,5.87,69.7,2.2577,2,188,19.1,389.15,14.37,"test"
20.3,0.07165,0,25.65,0.376324202153874,0.581,6.004,84.1,2.1974,2,188,19.1,377.67,14.27,"train"
20.5,0.09299,0,25.65,0.322480417760636,0.581,5.961,92.9,2.0869,2,188,19.1,378.09,17.93,"test"
17.3,0.15038,0,25.65,0.602453314548254,0.581,5.856,97,1.9444,2,188,19.1,370.31,25.41,"test"
18.8,0.09849,0,25.65,0.339533441944582,0.581,5.879,95.8,2.0063,2,188,19.1,379.38,17.58,"test"
21.4,0.16902,0,25.65,0.403195260818513,0.581,5.986,88.4,1.9929,2,188,19.1,385.02,14.81,"train"
15.7,0.38735,0,25.65,0.737972682048368,0.581,5.613,95.6,1.7572,2,188,19.1,359.29,27.26,"train"
16.2,0.25915,0,21.89,0.37150775139889,0.624,5.693,96,1.7883,4,437,21.2,392.11,17.19,"train"
18,0.32543,0,21.89,0.319845794342173,0.624,6.431,98.8,1.8125,4,437,21.2,396.9,15.39,"train"
14.3,0.88125,0,21.89,0.278111453657193,0.624,5.637,94.7,1.9799,4,437,21.2,396.9,18.34,"train"
19.2,0.34006,0,21.89,0.701230638213188,0.624,6.458,98.9,2.1185,4,437,21.2,395.04,12.6,"train"
19.6,1.19294,0,21.89,0.35499104184907,0.624,6.326,97.7,2.271,4,437,21.2,396.9,12.26,"train"
23,0.59005,0,21.89,0.49404222162172,0.624,6.372,97.9,2.3274,4,437,21.2,385.76,11.12,"test"
18.4,0.32982,0,21.89,0.426760719603413,0.624,5.822,95.4,2.4699,4,437,21.2,388.69,15.03,"train"
15.6,0.97617,0,21.89,0.480123655499575,0.624,5.757,98.4,2.346,4,437,21.2,262.76,17.31,"test"
18.1,0.55778,0,21.89,0.710397057159724,0.624,6.335,98.2,2.1107,4,437,21.2,394.67,16.96,"train"
17.4,0.32264,0,21.89,0.481285716580993,0.624,5.942,93.5,1.9669,4,437,21.2,378.25,16.9,"train"
17.1,0.35233,0,21.89,0.480860895213315,0.624,6.454,98.4,1.8498,4,437,21.2,394.08,14.59,"train"
13.3,0.2498,0,21.89,0.430330970880771,0.624,5.857,98.2,1.6686,4,437,21.2,392.04,21.32,"train"
17.8,0.54452,0,21.89,0.483081121396944,0.624,6.151,97.9,1.6687,4,437,21.2,396.9,18.46,"test"
14,0.2909,0,21.89,0.247811296482383,0.624,6.174,93.6,1.6119,4,437,21.2,388.08,24.16,"train"
14.4,1.62864,0,21.89,0.795302160790352,0.624,5.019,100,1.4394,4,437,21.2,396.9,34.41,"test"
13.4,3.32105,0,19.58,0.975185884797689,0.871,5.403,100,1.3216,5,403,14.7,396.9,26.82,"test"
15.6,4.0974,0,19.58,0.558315558499876,0.871,5.468,100,1.4118,5,403,14.7,396.9,26.42,"test"
11.8,2.77974,0,19.58,0.407793408971351,0.871,4.903,97.8,1.3459,5,403,14.7,396.9,29.29,"test"
13.8,2.37934,0,19.58,0.491657375368971,0.871,6.13,100,1.4191,5,403,14.7,172.91,27.8,"test"
15.6,2.15505,0,19.58,0.37579058715117,0.871,5.628,100,1.5166,5,403,14.7,169.27,16.65,"test"
14.6,2.36862,0,19.58,0.464826650277569,0.871,4.926,95.7,1.4608,5,403,14.7,391.71,29.53,"train"
17.8,2.33099,0,19.58,0.308518680983918,0.871,5.186,93.8,1.5296,5,403,14.7,356.99,28.32,"train"
15.4,2.73397,0,19.58,0.655925828327004,0.871,5.597,94.9,1.5257,5,403,14.7,351.85,21.45,"train"
21.5,1.6566,0,19.58,0.292670547243297,0.871,6.122,97.3,1.618,5,403,14.7,372.8,14.1,"train"
19.6,1.49632,0,19.58,0.405961219902961,0.871,5.404,100,1.5916,5,403,14.7,341.6,13.28,"test"
15.3,1.12658,0,19.58,0.97047321047963,0.871,5.012,88,1.6102,5,403,14.7,343.28,12.12,"train"
19.4,2.14918,0,19.58,0.532013127741706,0.871,5.709,98.5,1.6232,5,403,14.7,261.95,15.79,"train"
17,1.41385,0,19.58,0.981793264505346,0.871,6.129,96,1.7494,5,403,14.7,321.02,15.12,"train"
15.6,3.53501,0,19.58,0.965763631369095,0.871,6.152,82.6,1.7455,5,403,14.7,88.01,15.02,"train"
13.1,2.44668,0,19.58,0.18021422011631,0.871,5.272,94,1.7364,5,403,14.7,88.63,16.14,"train"
41.3,1.22358,0,19.58,0.464183082117737,0.605,6.943,97.4,1.8773,5,403,14.7,363.43,4.59,"test"
24.3,1.34284,0,19.58,0.630296344909469,0.605,6.066,100,1.7573,5,403,14.7,353.89,6.43,"test"
23.3,1.42502,0,19.58,0.686090785366148,0.871,6.51,100,1.7659,5,403,14.7,364.31,7.39,"train"
27,1.27346,0,19.58,0.970671312026924,0.605,6.25,92.6,1.7984,5,403,14.7,338.92,5.5,"train"
50,1.46336,0,19.58,0.64963796571882,0.605,7.489,90.8,1.9709,5,403,14.7,374.43,1.73,"train"
50,1.83377,0,19.58,0.974087872575004,0.605,7.802,98.2,2.0407,5,403,14.7,389.61,1.92,"train"
50,1.51902,0,19.58,0.95143258900634,0.605,8.375,93.9,2.162,5,403,14.7,388.45,3.32,"test"
22.7,2.24236,0,19.58,0.427058090294828,0.605,5.854,91.8,2.422,5,403,14.7,395.11,11.64,"train"
25,2.924,0,19.58,0.310065187760986,0.605,6.101,93,2.2834,5,403,14.7,240.16,9.81,"train"
50,2.01019,0,19.58,0.503788516300633,0.605,7.929,96.2,2.0459,5,403,14.7,369.3,3.7,"train"
23.8,1.80028,0,19.58,0.794792686520633,0.605,5.877,79.2,2.4259,5,403,14.7,227.61,12.14,"train"
23.8,2.3004,0,19.58,0.370629697453145,0.605,6.319,96.1,2.1,5,403,14.7,297.09,11.1,"test"
22.3,2.44953,0,19.58,0.159428923451213,0.605,6.402,95.2,2.2625,5,403,14.7,330.04,11.32,"train"
17.4,1.20742,0,19.58,0.577201921945382,0.605,5.875,94.6,2.4259,5,403,14.7,292.29,14.43,"test"
19.1,2.3139,0,19.58,0.285916223167644,0.605,5.88,97.3,2.3887,5,403,14.7,348.13,12.03,"test"
23.1,0.13914,0,4.05,0.42199185106047,0.51,5.572,88.5,2.5961,5,296,16.6,396.9,14.69,"test"
23.6,0.09178,0,4.05,0.396221497210889,0.51,6.416,84.1,2.6463,5,296,16.6,395.5,9.04,"train"
22.6,0.08447,0,4.05,0.351566250679255,0.51,5.859,68.7,2.7019,5,296,16.6,393.23,9.64,"train"
29.4,0.06664,0,4.05,0.266387326918183,0.51,6.546,33.1,3.1323,5,296,16.6,390.96,5.33,"train"
23.2,0.07022,0,4.05,0.684769023072977,0.51,6.02,47.2,3.5549,5,296,16.6,393.23,10.11,"train"
24.6,0.05425,0,4.05,0.345689262133051,0.51,6.315,73.4,3.3175,5,296,16.6,395.6,6.29,"train"
29.9,0.06642,0,4.05,0.798291034156854,0.51,6.86,74.4,2.9153,5,296,16.6,391.27,6.92,"train"
37.2,0.0578,0,2.46,0.304319793070722,0.488,6.98,58.4,2.829,3,193,17.8,396.9,5.04,"test"
39.8,0.06588,0,2.46,0.579146098499342,0.488,7.765,83.3,2.741,3,193,17.8,395.56,7.56,"train"
36.2,0.06888,0,2.46,0.501769255457608,0.488,6.144,62.2,2.5979,3,193,17.8,396.9,9.45,"train"
37.9,0.09103,0,2.46,0.396462317401829,0.488,7.155,92.2,2.7006,3,193,17.8,394.12,4.82,"train"
32.5,0.10008,0,2.46,0.669485951497366,0.488,6.563,95.6,2.847,3,193,17.8,396.9,5.68,"train"
26.4,0.08308,0,2.46,0.389923689273417,0.488,5.604,89.8,2.9879,3,193,17.8,391,13.98,"train"
29.6,0.06047,0,2.46,0.676416636939908,0.488,6.153,68.8,3.2797,3,193,17.8,387.11,13.15,"train"
50,0.05602,0,2.46,0.752787048736435,0.488,7.831,53.6,3.1992,3,193,17.8,392.63,4.45,"test"
32,0.07875,45,3.44,0.397266858517472,0.437,6.782,41.1,3.7886,5,398,15.2,393.87,6.68,"train"
29.8,0.12579,45,3.44,0.529837166537542,0.437,6.556,29.1,4.5667,5,398,15.2,382.84,4.56,"train"
34.9,0.0837,45,3.44,0.666626424043468,0.437,7.185,38.9,4.5667,5,398,15.2,396.9,5.39,"test"
37,0.09068,45,3.44,0.445234940873009,0.437,6.951,21.5,6.4798,5,398,15.2,377.68,5.1,"train"
30.5,0.06911,45,3.44,0.511365299266927,0.437,6.739,30.8,6.4798,5,398,15.2,389.71,4.69,"train"
36.4,0.08664,45,3.44,0.60371354115602,0.437,7.178,26.3,6.4798,5,398,15.2,390.49,2.87,"train"
31.1,0.02187,60,2.93,0.266068517823931,0.401,6.8,9.9,6.2196,1,265,15.6,393.37,5.03,"test"
29.1,0.01439,60,2.93,0.148307935610067,0.401,6.604,18.8,6.2196,1,265,15.6,376.7,4.38,"test"
50,0.01381,80,0.46,0.323003079771937,0.422,7.875,32,5.6484,4,255,14.4,394.23,2.97,"test"
33.3,0.04011,80,1.52,0.475115845061943,0.404,7.287,34.1,7.309,2,329,12.6,396.9,4.08,"test"
30.3,0.04666,80,1.52,0.472451013819669,0.404,7.107,36.6,7.309,2,329,12.6,354.31,8.61,"train"
34.6,0.03768,80,1.52,0.379742249267699,0.404,7.274,38.3,7.309,2,329,12.6,392.2,6.62,"test"
34.9,0.0315,95,1.47,0.467606056112788,0.403,6.975,15.3,7.6534,3,402,17,396.9,4.56,"test"
32.9,0.01778,95,1.47,0.760758687873708,0.403,7.135,13.9,7.6534,3,402,17,384.3,4.45,"test"
24.1,0.03445,82.5,2.03,0.557337259899201,0.415,6.162,38.4,6.27,2,348,14.7,393.77,7.43,"test"
42.3,0.02177,82.5,2.03,0.319014694127514,0.415,7.61,15.7,6.27,2,348,14.7,395.38,3.11,"train"
48.5,0.0351,95,2.68,0.590676237495762,0.4161,7.853,33.2,5.118,4,224,14.7,392.78,3.81,"train"
50,0.02009,95,2.68,0.33991306785576,0.4161,8.034,31.9,5.118,4,224,14.7,390.55,2.88,"train"
22.6,0.13642,0,10.59,0.138881833460845,0.489,5.891,22.3,3.9454,4,277,18.6,396.9,10.87,"train"
24.4,0.22969,0,10.59,0.148808549292223,0.489,6.326,52.5,4.3549,4,277,18.6,394.87,10.97,"test"
22.5,0.25199,0,10.59,0.460987204285373,0.489,5.783,72.7,4.3549,4,277,18.6,389.43,18.06,"train"
24.4,0.13587,0,10.59,0.973274302356304,0.489,6.064,59.1,4.2392,4,277,18.6,381.32,14.66,"train"
20,0.43571,0,10.59,0.961938593563195,0.489,5.344,100,3.875,4,277,18.6,396.9,23.09,"train"
21.7,0.17446,0,10.59,0.969073497672206,0.489,5.96,92.1,3.8771,4,277,18.6,393.25,17.27,"train"
19.3,0.37578,0,10.59,0.981819314230484,0.489,5.404,88.6,3.665,4,277,18.6,395.24,23.98,"train"
22.4,0.21719,0,10.59,0.978484994237997,0.489,5.807,53.8,3.6526,4,277,18.6,390.94,16.03,"test"
28.1,0.14052,0,10.59,0.481383472329658,0.489,6.375,32.3,3.9454,4,277,18.6,385.81,9.38,"train"
23.7,0.28955,0,10.59,0.482206070665643,0.489,5.412,9.8,3.5875,4,277,18.6,348.93,29.55,"train"
25,0.19802,0,10.59,0.522623582364429,0.489,6.182,42.4,3.9454,4,277,18.6,393.63,9.47,"train"
23.3,0.0456,0,13.89,0.9564478046109,0.55,5.888,56,3.1121,5,276,16.4,392.8,13.51,"test"
28.7,0.07013,0,13.89,0.523233746483293,0.55,6.642,85.1,3.4211,5,276,16.4,392.78,9.69,"test"
21.5,0.11069,0,13.89,0.951423088637839,0.55,5.951,93.8,2.8893,5,276,16.4,396.9,17.92,"train"
23,0.11425,0,13.89,0.946758432005072,0.55,6.373,92.4,3.3633,5,276,16.4,393.74,10.5,"test"
26.7,0.35809,0,6.2,0.977758314813888,0.507,6.951,88.5,2.8617,8,307,17.4,391.7,9.71,"train"
21.7,0.40771,0,6.2,0.952354557147732,0.507,6.164,91.3,3.048,8,307,17.4,395.24,21.46,"train"
27.5,0.62356,0,6.2,0.958216362068025,0.507,6.879,77.7,3.2721,8,307,17.4,390.39,9.93,"train"
30.1,0.6147,0,6.2,0.338919306923556,0.507,6.618,80.8,3.2721,8,307,17.4,396.9,7.6,"train"
44.8,0.31533,0,6.2,0.485507092732053,0.504,8.266,78.3,2.8944,8,307,17.4,385.05,4.14,"train"
50,0.52693,0,6.2,0.313791844860569,0.504,8.725,83,2.8944,8,307,17.4,382,4.63,"train"
37.6,0.38214,0,6.2,0.489941306886605,0.504,8.04,86.5,3.2157,8,307,17.4,387.38,3.13,"test"
31.6,0.41238,0,6.2,0.540806343497549,0.504,7.163,79.9,3.2157,8,307,17.4,372.08,6.36,"test"
46.7,0.29819,0,6.2,0.269998391111389,0.504,7.686,17,3.3751,8,307,17.4,377.51,3.92,"test"
31.5,0.44178,0,6.2,0.533674287310828,0.504,6.552,21.4,3.3751,8,307,17.4,380.34,3.76,"train"
24.3,0.537,0,6.2,0.326771280774028,0.504,5.981,68.1,3.6715,8,307,17.4,378.35,11.65,"train"
31.7,0.46296,0,6.2,0.513245110799996,0.504,7.412,76.9,3.6715,8,307,17.4,376.14,5.25,"test"
41.7,0.57529,0,6.2,0.0664185492163482,0.507,8.337,73.3,3.8384,8,307,17.4,385.91,2.47,"test"
48.3,0.33147,0,6.2,0.356760948401157,0.507,8.247,70.4,3.6519,8,307,17.4,378.95,3.95,"train"
29,0.44791,0,6.2,0.959122565541466,0.507,6.726,66.5,3.6519,8,307,17.4,360.2,8.05,"train"
24,0.33045,0,6.2,0.746539208708706,0.507,6.086,61.5,3.6519,8,307,17.4,376.75,10.88,"train"
25.1,0.52058,0,6.2,0.974056075418766,0.507,6.631,76.5,4.148,8,307,17.4,388.45,9.54,"test"
31.5,0.51183,0,6.2,0.379608730178434,0.507,7.358,71.6,4.148,8,307,17.4,390.07,4.73,"train"
23.7,0.08244,30,4.93,0.634174864465897,0.428,6.481,18.5,6.1899,6,300,16.6,379.41,6.36,"test"
23.3,0.09252,30,4.93,0.524554735848128,0.428,6.606,42.2,6.1899,6,300,16.6,383.78,7.37,"train"
22,0.11329,30,4.93,0.377978659349304,0.428,6.897,54.3,6.3361,6,300,16.6,391.25,11.38,"test"
20.1,0.10612,30,4.93,0.454556775329741,0.428,6.095,65.1,6.3361,6,300,16.6,394.62,12.4,"test"
22.2,0.1029,30,4.93,0.362271176117747,0.428,6.358,52.9,7.0355,6,300,16.6,372.75,11.22,"test"
23.7,0.12757,30,4.93,0.555624899157168,0.428,6.393,7.8,7.0355,6,300,16.6,374.71,5.19,"train"
17.6,0.20608,22,5.86,0.500839136407208,0.431,5.593,76.5,7.9549,7,330,19.1,372.49,12.5,"test"
18.5,0.19133,22,5.86,0.444199283923154,0.431,5.605,70.2,7.9549,7,330,19.1,389.13,18.46,"train"
24.3,0.33983,22,5.86,0.380541103689106,0.431,6.108,34.9,8.0555,7,330,19.1,390.18,9.16,"train"
20.5,0.19657,22,5.86,0.515223654519779,0.431,6.226,79.2,8.0555,7,330,19.1,376.14,10.15,"train"
24.5,0.16439,22,5.86,0.562321726115655,0.431,6.433,49.1,7.8265,7,330,19.1,374.71,9.52,"test"
26.2,0.19073,22,5.86,0.427747377789508,0.431,6.718,17.5,7.8265,7,330,19.1,393.74,6.56,"test"
24.4,0.1403,22,5.86,0.558642056212871,0.431,6.487,13,7.3967,7,330,19.1,396.28,5.9,"train"
24.8,0.21409,22,5.86,0.25808687224239,0.431,6.438,8.9,7.3967,7,330,19.1,377.07,3.59,"train"
29.6,0.08221,22,5.86,0.369445489594696,0.431,6.957,6.8,8.9067,7,330,19.1,386.09,3.53,"train"
42.8,0.36894,22,5.86,0.633760269498579,0.431,8.259,8.4,8.9067,7,330,19.1,396.9,3.54,"train"
21.9,0.04819,80,3.64,0.324808674367846,0.392,6.108,32,9.2203,1,315,16.4,392.89,6.57,"test"
20.9,0.03548,80,3.64,0.525689814607024,0.392,5.876,19.1,9.2203,1,315,16.4,395.18,9.25,"train"
44,0.01538,90,3.75,0.274764555775201,0.394,7.454,34.2,6.3361,3,244,15.9,386.34,3.11,"train"
50,0.61154,20,3.97,0.259640739909056,0.647,8.704,86.9,1.801,5,264,13,389.7,5.12,"test"
36,0.66351,20,3.97,0.586149097865934,0.647,7.333,100,1.8946,5,264,13,383.29,7.79,"train"
30.1,0.65665,20,3.97,0.601915681100907,0.647,6.842,100,2.0107,5,264,13,391.93,6.9,"train"
33.8,0.54011,20,3.97,0.398941453062354,0.647,7.203,81.8,2.1121,5,264,13,392.8,9.59,"train"
43.1,0.53412,20,3.97,0.417669080431785,0.647,7.52,89.4,2.1398,5,264,13,388.37,7.26,"test"
48.8,0.52014,20,3.97,0.310944505754846,0.647,8.398,91.5,2.2885,5,264,13,386.86,5.91,"train"
31,0.82526,20,3.97,0.508060937780111,0.647,7.327,94.5,2.0788,5,264,13,393.42,11.25,"train"
36.5,0.55007,20,3.97,0.450973728395893,0.647,7.206,91.6,1.9301,5,264,13,387.89,8.1,"train"
22.8,0.76162,20,3.97,0.435162606935949,0.647,5.56,62.8,1.9865,5,264,13,392.4,10.45,"test"
30.7,0.7857,20,3.97,0.144022846187064,0.647,7.014,84.6,2.1329,5,264,13,384.07,14.79,"test"
50,0.57834,20,3.97,0.563732596821074,0.575,8.297,67,2.4216,5,264,13,384.54,7.44,"train"
43.5,0.5405,20,3.97,0.382836885315002,0.575,7.47,52.6,2.872,5,264,13,390.3,3.16,"train"
20.7,0.09065,20,6.96,0.958482543163133,0.464,5.92,61.5,3.9175,3,223,18.6,391.34,13.65,"train"
21.1,0.29916,20,6.96,0.592678767030932,0.464,5.856,42.1,4.429,3,223,18.6,388.65,13,"train"
25.2,0.16211,20,6.96,0.354200435808588,0.464,6.24,16.3,4.429,3,223,18.6,396.9,6.59,"train"
24.4,0.1146,20,6.96,0.340621005496802,0.464,6.538,58.7,3.9175,3,223,18.6,394.96,7.73,"train"
35.2,0.22188,20,6.96,0.944205557902864,0.464,7.691,51.8,4.3665,3,223,18.6,390.77,6.58,"train"
32.4,0.05644,40,6.41,0.972033296512494,0.447,6.758,32.9,4.0776,4,254,17.6,396.9,3.53,"test"
32,0.09604,40,6.41,0.635689135155748,0.447,6.854,42.8,4.2673,4,254,17.6,396.9,2.98,"test"
33.2,0.10469,40,6.41,0.969658787649725,0.447,7.267,49,4.7872,4,254,17.6,389.25,6.05,"test"
33.1,0.06127,40,6.41,0.981896922921528,0.447,6.826,27.6,4.8628,4,254,17.6,393.45,4.16,"train"
29.1,0.07978,40,6.41,0.344073471301028,0.447,6.482,32.1,4.1403,4,254,17.6,396.9,7.19,"test"
35.1,0.21038,20,3.33,0.0523863906497846,0.4429,6.812,32.2,4.1007,5,216,14.9,396.9,4.85,"test"
45.4,0.03578,20,3.33,0.909211859359963,0.4429,7.82,64.5,4.6947,5,216,14.9,387.31,3.76,"test"
35.4,0.03705,20,3.33,0.250965111836116,0.4429,6.968,37.2,5.2447,5,216,14.9,392.23,4.59,"test"
46,0.06129,20,3.33,0.966528741989564,0.4429,7.645,49.7,5.2119,5,216,14.9,377.07,3.01,"train"
50,0.01501,90,1.21,0.957608212827383,0.401,7.923,24.8,5.885,1,198,13.6,395.52,3.16,"train"
32.2,0.00906,90,2.97,0.424176257236142,0.4,7.088,20.8,7.3073,1,285,15.3,394.72,7.85,"test"
22,0.01096,55,2.25,0.29272446117645,0.389,6.453,31.9,7.3073,1,300,15.3,394.72,8.23,"test"
20.1,0.01965,80,1.76,0.525437886483177,0.385,6.23,31.5,9.0892,1,241,18.2,341.6,12.93,"train"
23.2,0.03871,52.5,5.32,0.565228416270695,0.405,6.209,31.3,7.3172,6,293,16.6,396.9,7.14,"train"
22.3,0.0459,52.5,5.32,0.282586569411602,0.405,6.315,45.6,7.3172,6,293,16.6,396.9,7.6,"train"
24.8,0.04297,52.5,5.32,0.507393181026137,0.405,6.565,22.9,7.3172,6,293,16.6,371.72,9.51,"test"
28.5,0.03502,80,4.95,0.350286970826863,0.411,6.861,27.9,5.1167,4,245,19.2,396.9,3.33,"train"
37.3,0.07886,80,4.95,0.631511561687451,0.411,7.148,27.7,5.1167,4,245,19.2,396.9,3.56,"test"
27.9,0.03615,80,4.95,0.117589911077341,0.411,6.63,23.4,5.1167,4,245,19.2,396.9,4.7,"train"
23.9,0.08265,0,13.92,0.387353187457666,0.437,6.127,18.4,5.5027,4,289,16,396.9,8.58,"test"
21.7,0.08199,0,13.92,0.399046851135379,0.437,6.009,42.3,5.5027,4,289,16,396.9,10.4,"train"
28.6,0.12932,0,13.92,0.536074314842243,0.437,6.678,31.1,5.9604,4,289,16,396.9,6.27,"train"
27.1,0.05372,0,13.92,0.621657886468866,0.437,6.549,51,5.9604,4,289,16,392.85,7.39,"train"
20.3,0.14103,0,13.92,0.545315686347103,0.437,5.79,58,6.32,4,289,16,396.9,15.84,"train"
22.5,0.06466,70,2.24,0.532658785982789,0.4,6.345,20.1,7.8278,5,358,14.8,368.24,4.97,"train"
29,0.05561,70,2.24,0.473131869547059,0.4,7.041,10,7.8278,5,358,14.8,371.58,4.74,"train"
24.8,0.04417,70,2.24,0.285945631971776,0.4,6.871,47.4,7.8278,5,358,14.8,390.86,6.07,"train"
22,0.03537,34,6.09,0.552126660850145,0.433,6.59,40.4,5.4917,7,329,16.1,395.75,9.5,"test"
26.4,0.09266,34,6.09,0.500458297507661,0.433,6.495,18.4,5.4917,7,329,16.1,383.61,8.67,"train"
33.1,0.1,34,6.09,0.696951944974186,0.433,6.982,17.7,5.4917,7,329,16.1,390.43,4.86,"train"
36.1,0.05515,33,2.18,0.657587809777675,0.472,7.236,41.1,4.022,7,222,18.4,393.68,6.93,"train"
28.4,0.05479,33,2.18,0.537210338353296,0.472,6.616,58.1,3.37,7,222,18.4,393.36,8.93,"train"
33.4,0.07503,33,2.18,0.727012312801701,0.472,7.42,71.9,3.0992,7,222,18.4,396.9,6.47,"train"
28.2,0.04932,33,2.18,0.480605221607191,0.472,6.849,70.3,3.1827,7,222,18.4,396.9,7.53,"train"
22.8,0.49298,0,9.9,0.573771930123678,0.544,6.635,82.5,3.3175,4,304,18.4,396.9,4.54,"test"
20.3,0.3494,0,9.9,0.67866110977173,0.544,5.972,76.7,3.1025,4,304,18.4,396.24,9.97,"train"
16.1,2.63548,0,9.9,0.347983238219879,0.544,4.973,37.8,2.5194,4,304,18.4,350.45,12.64,"train"
22.1,0.79041,0,9.9,0.392489795710492,0.544,6.122,52.8,2.6403,4,304,18.4,396.9,5.98,"train"
19.4,0.26169,0,9.9,0.571445514630659,0.544,6.023,90.4,2.834,4,304,18.4,396.3,11.72,"test"
21.6,0.26938,0,9.9,0.249020362988434,0.544,6.266,82.8,3.2628,4,304,18.4,393.39,7.9,"test"
23.8,0.3692,0,9.9,0.22708789206703,0.544,6.567,87.3,3.6023,4,304,18.4,395.69,9.28,"train"
16.2,0.25356,0,9.9,0.46964844284956,0.544,5.705,77.7,3.945,4,304,18.4,396.42,11.5,"train"
17.8,0.31827,0,9.9,0.322941864564337,0.544,5.914,83.2,3.9986,4,304,18.4,390.7,18.33,"train"
19.8,0.24522,0,9.9,0.611429876992522,0.544,5.782,71.7,4.0317,4,304,18.4,396.9,15.94,"train"
23.1,0.40202,0,9.9,0.205486668066289,0.544,6.382,67.2,3.5325,4,304,18.4,395.21,10.36,"test"
21,0.47547,0,9.9,0.261687340217224,0.544,6.113,58.8,4.0019,4,304,18.4,396.23,12.73,"train"
23.8,0.1676,0,7.38,0.466784636788727,0.493,6.426,52.3,4.5404,5,287,19.6,396.9,7.2,"train"
23.1,0.18159,0,7.38,0.75626091188986,0.493,6.376,54.3,4.5404,5,287,19.6,396.9,6.87,"train"
20.4,0.35114,0,7.38,0.42058427771382,0.493,6.041,49.9,4.7211,5,287,19.6,396.9,7.7,"train"
18.5,0.28392,0,7.38,0.241469834947243,0.493,5.708,74.3,4.7211,5,287,19.6,391.13,11.74,"test"
25,0.34109,0,7.38,0.258880164839185,0.493,6.415,40.1,4.7211,5,287,19.6,396.9,6.12,"train"
24.6,0.19186,0,7.38,0.477473673875091,0.493,6.431,14.7,5.4159,5,287,19.6,393.68,5.08,"train"
23,0.30347,0,7.38,0.520928425894175,0.493,6.312,28.9,5.4159,5,287,19.6,396.9,6.15,"test"
22.2,0.24103,0,7.38,0.587600085027003,0.493,6.083,43.7,5.4159,5,287,19.6,396.9,12.79,"test"
19.3,0.06617,0,3.24,0.235110514238668,0.46,5.868,25.8,5.2146,4,430,16.9,382.44,9.97,"test"
22.6,0.06724,0,3.24,0.318273163597269,0.46,6.333,17.2,5.2146,4,430,16.9,375.21,7.34,"train"
19.8,0.04544,0,3.24,0.253383788362466,0.46,6.144,32.2,5.8736,4,430,16.9,368.57,9.09,"train"
17.1,0.05023,35,6.06,0.488123228331065,0.4379,5.706,28.4,6.6407,1,304,16.9,394.02,12.43,"train"
19.4,0.03466,35,6.06,0.565847837080113,0.4379,6.031,23.3,6.6407,1,304,16.9,362.25,7.83,"test"
22.2,0.05083,0,5.19,0.49810605394513,0.515,6.316,38.1,6.4584,5,224,20.2,389.71,5.68,"train"
20.7,0.03738,0,5.19,0.406979759193337,0.515,6.31,38.5,6.4584,5,224,20.2,389.4,6.75,"test"
21.1,0.03961,0,5.19,0.583131317010721,0.515,6.037,34.5,5.9853,5,224,20.2,396.9,8.01,"train"
19.5,0.03427,0,5.19,0.441651583829116,0.515,5.869,46.3,5.2311,5,224,20.2,396.9,9.8,"train"
18.5,0.03041,0,5.19,0.343357506492924,0.515,5.895,59.6,5.615,5,224,20.2,394.81,10.56,"train"
20.6,0.03306,0,5.19,0.470348756808939,0.515,6.059,37.3,4.8122,5,224,20.2,396.14,8.51,"train"
19,0.05497,0,5.19,0.452424755457518,0.515,5.985,45.4,4.8122,5,224,20.2,396.9,9.74,"train"
18.7,0.06151,0,5.19,0.240881255306997,0.515,5.968,58.5,4.8122,5,224,20.2,396.9,9.29,"test"
32.7,0.01301,35,1.52,0.481149552776538,0.442,7.241,49.3,7.0379,1,284,15.5,394.74,5.49,"test"
16.5,0.02498,0,1.89,0.502878596830265,0.518,6.54,59.7,6.2669,1,422,15.9,389.96,8.65,"test"
23.9,0.02543,55,3.78,0.476170601577268,0.484,6.696,56.4,5.7321,5,370,17.6,396.9,7.18,"train"
31.2,0.03049,55,3.78,0.281581640661806,0.484,6.874,28.1,6.4654,5,370,17.6,387.97,4.61,"train"
17.5,0.03113,0,4.39,0.374760660336237,0.442,6.014,48.5,8.0136,3,352,18.8,385.64,10.53,"test"
17.2,0.06162,0,4.39,0.372506266688276,0.442,5.898,52.3,8.0136,3,352,18.8,364.61,12.67,"test"
23.1,0.0187,85,4.15,0.405357493735875,0.429,6.516,27.7,8.5353,4,351,17.9,392.43,6.36,"train"
24.5,0.01501,80,2.01,0.646079437421825,0.435,6.635,29.7,8.344,4,280,17,390.94,5.99,"train"
26.6,0.02899,40,1.25,0.444018419183738,0.429,6.939,34.5,8.7921,1,335,19.7,389.85,5.89,"test"
22.9,0.06211,40,1.25,0.228467178664266,0.429,6.49,44.4,8.7921,1,335,19.7,396.9,5.98,"train"
24.1,0.0795,60,1.69,0.70878770598656,0.411,6.579,35.9,10.7103,4,411,18.3,370.78,5.49,"train"
18.6,0.07244,60,1.69,0.662184210181669,0.411,5.884,18.5,10.7103,4,411,18.3,392.33,7.79,"train"
30.1,0.01709,90,2.02,0.230187021554809,0.41,6.728,36.1,12.1265,5,187,17,384.46,4.5,"train"
18.2,0.04301,80,1.91,0.55014365436064,0.413,5.663,21.9,10.5857,4,334,22,382.8,8.05,"train"
20.6,0.10659,80,1.91,0.258634653247711,0.413,5.936,19.5,10.5857,4,334,22,376.04,5.57,"train"
17.8,8.98296,0,18.1,0.952703043506162,0.77,6.212,97.4,2.1222,24,666,20.2,377.73,17.6,"test"
21.7,3.8497,0,18.1,0.964601591095955,0.77,6.395,91,2.5052,24,666,20.2,391.34,13.27,"test"
22.7,5.20177,0,18.1,0.956849753088921,0.77,6.127,83.4,2.7227,24,666,20.2,395.43,11.48,"test"
22.6,4.26131,0,18.1,0.699166717816645,0.77,6.112,81.3,2.5091,24,666,20.2,390.74,12.67,"train"
25,4.54192,0,18.1,0.525970365627888,0.77,6.398,88,2.5182,24,666,20.2,374.56,7.79,"test"
19.9,3.83684,0,18.1,0.629932434692519,0.77,6.251,91.1,2.2955,24,666,20.2,350.65,14.19,"train"
20.8,3.67822,0,18.1,0.43281652182154,0.77,5.362,96.2,2.1036,24,666,20.2,380.79,10.19,"train"
16.8,4.22239,0,18.1,0.971529368468995,0.77,5.803,89,1.9047,24,666,20.2,353.04,14.64,"test"
21.9,3.47428,0,18.1,0.951502814158072,0.718,8.78,82.9,1.9047,24,666,20.2,354.55,5.29,"train"
27.5,4.55587,0,18.1,0.404358122666168,0.718,3.561,87.9,1.6132,24,666,20.2,354.7,7.12,"train"
21.9,3.69695,0,18.1,0.526223572280038,0.718,4.963,91.4,1.7523,24,666,20.2,316.03,14,"train"
23.1,13.5222,0,18.1,0.328032200978636,0.631,3.863,100,1.5106,24,666,20.2,131.42,13.33,"train"
50,4.89822,0,18.1,0.441970574032406,0.631,4.97,100,1.3325,24,666,20.2,375.52,3.26,"train"
50,5.66998,0,18.1,0.964702801530402,0.631,6.683,96.8,1.3567,24,666,20.2,375.33,3.73,"train"
50,6.53876,0,18.1,0.974820902345062,0.631,7.016,97.5,1.2024,24,666,20.2,392.05,2.96,"train"
50,9.2323,0,18.1,0.58409669540924,0.631,6.216,100,1.1691,24,666,20.2,366.15,9.53,"train"
50,8.26725,0,18.1,0.981063018471004,0.668,5.875,89.6,1.1296,24,666,20.2,347.88,8.88,"train"
13.8,11.1081,0,18.1,0.593585473579624,0.668,4.906,100,1.1742,24,666,20.2,396.9,34.77,"train"
13.8,18.4982,0,18.1,0.603678568457699,0.668,4.138,100,1.137,24,666,20.2,396.9,37.97,"train"
15,19.6091,0,18.1,0.446107464851533,0.671,7.313,97.9,1.3163,24,666,20.2,396.9,13.44,"test"
13.9,15.288,0,18.1,0.29295208921532,0.671,6.649,93.3,1.3449,24,666,20.2,363.02,23.24,"test"
13.3,9.82349,0,18.1,0.642609421052635,0.671,6.794,98.8,1.358,24,666,20.2,396.9,21.24,"train"
13.1,23.6482,0,18.1,0.377127056974509,0.671,6.38,96.2,1.3861,24,666,20.2,396.9,23.69,"train"
10.2,17.8667,0,18.1,0.64887849765642,0.671,6.223,100,1.3861,24,666,20.2,393.74,21.78,"train"
10.4,88.9762,0,18.1,0.514696741245002,0.671,6.968,91.9,1.4165,24,666,20.2,396.9,17.21,"train"
10.9,15.8744,0,18.1,0.535105479949608,0.671,6.545,99.1,1.5192,24,666,20.2,396.9,21.08,"train"
11.3,9.18702,0,18.1,0.402155070876722,0.7,5.536,100,1.5804,24,666,20.2,396.9,23.6,"train"
12.3,7.99248,0,18.1,0.520403762184572,0.7,5.52,100,1.5331,24,666,20.2,396.9,24.56,"train"
8.8,20.0849,0,18.1,0.563428599072173,0.7,4.368,91.2,1.4395,24,666,20.2,285.83,30.63,"test"
7.2,16.8118,0,18.1,0.26301105631619,0.7,5.277,98.1,1.4261,24,666,20.2,396.9,30.81,"test"
10.5,24.3938,0,18.1,0.151298332014251,0.7,4.652,100,1.4672,24,666,20.2,396.9,28.28,"train"
7.4,22.5971,0,18.1,0.3896825720273,0.7,5,89.5,1.5184,24,666,20.2,396.9,31.99,"test"
10.2,14.3337,0,18.1,0.72210733024461,0.7,4.88,100,1.5895,24,666,20.2,372.92,30.62,"train"
11.5,8.15174,0,18.1,0.517351112466433,0.7,5.39,98.9,1.7281,24,666,20.2,396.9,20.85,"train"
15.1,6.96215,0,18.1,0.654004749829592,0.7,5.713,97,1.9265,24,666,20.2,394.43,17.11,"train"
23.2,5.29305,0,18.1,0.564362655161379,0.7,6.051,82.5,2.1678,24,666,20.2,378.38,18.76,"train"
9.7,11.5779,0,18.1,0.595710343515516,0.7,5.036,97,1.77,24,666,20.2,396.9,25.68,"test"
13.8,8.64476,0,18.1,0.468439095408649,0.693,6.193,92.6,1.7912,24,666,20.2,396.9,15.17,"train"
12.7,13.3598,0,18.1,0.436795304053065,0.693,5.887,94.7,1.7821,24,666,20.2,396.9,16.35,"train"
13.1,8.71675,0,18.1,0.544781743663145,0.693,6.471,98.8,1.7257,24,666,20.2,391.98,17.12,"test"
12.5,5.87205,0,18.1,0.443904146967196,0.693,6.405,96,1.6768,24,666,20.2,396.9,19.37,"train"
8.5,7.67202,0,18.1,0.413431220196993,0.693,5.747,98.9,1.6334,24,666,20.2,393.1,19.92,"train"
5,38.3518,0,18.1,0.644346864290749,0.693,5.453,100,1.4896,24,666,20.2,396.9,30.59,"train"
6.3,9.91655,0,18.1,0.29869716722536,0.693,5.852,77.8,1.5004,24,666,20.2,338.16,29.97,"test"
5.6,25.0461,0,18.1,0.165018350093344,0.693,5.987,100,1.5888,24,666,20.2,396.9,26.77,"test"
7.2,14.2362,0,18.1,0.519997302272313,0.693,6.343,100,1.5741,24,666,20.2,396.9,20.32,"train"
12.1,9.59571,0,18.1,0.388760925948897,0.693,6.404,100,1.639,24,666,20.2,376.11,20.31,"train"
8.3,24.8017,0,18.1,0.227055713863691,0.693,5.349,96,1.7028,24,666,20.2,396.9,19.77,"test"
8.5,41.5292,0,18.1,0.606848844930994,0.693,5.531,85.4,1.6074,24,666,20.2,329.46,27.38,"train"
5,67.9208,0,18.1,0.240748785416234,0.693,5.683,100,1.4254,24,666,20.2,384.97,22.98,"train"
11.9,20.7162,0,18.1,0.521164980336417,0.659,4.138,100,1.1781,24,666,20.2,370.22,23.34,"train"
27.9,11.9511,0,18.1,0.47545551420982,0.659,5.608,100,1.2852,24,666,20.2,332.09,12.13,"train"
17.2,7.40389,0,18.1,0.486622122543998,0.597,5.617,97.9,1.4547,24,666,20.2,314.64,26.4,"test"
27.5,14.4383,0,18.1,0.416667387796993,0.597,6.852,100,1.4655,24,666,20.2,179.36,19.78,"train"
15,51.1358,0,18.1,0.602795390035529,0.597,5.757,100,1.413,24,666,20.2,2.6,10.11,"test"
17.2,14.0507,0,18.1,0.438868402221187,0.597,6.657,100,1.5275,24,666,20.2,35.05,21.22,"train"
17.9,18.811,0,18.1,0.628067022082123,0.597,4.628,100,1.5539,24,666,20.2,28.79,34.37,"test"
16.3,28.6558,0,18.1,0.493489618359157,0.597,5.155,100,1.5894,24,666,20.2,210.97,20.08,"train"
7,45.7461,0,18.1,0.550464416292878,0.693,4.519,100,1.6582,24,666,20.2,88.27,36.98,"train"
7.2,18.0846,0,18.1,0.369253889293461,0.679,6.434,100,1.8347,24,666,20.2,27.25,29.05,"test"
7.5,10.8342,0,18.1,0.479309544792946,0.679,6.782,90.8,1.8195,24,666,20.2,21.57,25.79,"train"
10.4,25.9406,0,18.1,0.493391681675687,0.679,5.304,89.1,1.6475,24,666,20.2,127.36,26.64,"train"
8.8,73.5341,0,18.1,0.417227800381954,0.679,5.957,100,1.8026,24,666,20.2,16.45,20.62,"train"
8.4,11.8123,0,18.1,0.569303396487014,0.718,6.824,76.5,1.794,24,666,20.2,48.45,22.74,"test"
16.7,11.0874,0,18.1,0.588446815107872,0.718,6.411,100,1.8589,24,666,20.2,318.75,15.02,"test"
14.2,7.02259,0,18.1,0.165412119007654,0.718,6.006,95.3,1.8746,24,666,20.2,319.98,15.7,"train"
20.8,12.0482,0,18.1,0.421042356599075,0.614,5.648,87.6,1.9512,24,666,20.2,291.55,14.1,"train"
13.4,7.05042,0,18.1,0.387602258495902,0.614,6.103,85.1,2.0218,24,666,20.2,2.52,23.29,"test"
11.7,8.79212,0,18.1,0.459371959029765,0.584,5.565,70.6,2.0635,24,666,20.2,3.65,17.16,"train"
8.3,15.8603,0,18.1,0.466531769572792,0.679,5.896,95.4,1.9096,24,666,20.2,7.68,24.39,"train"
10.2,12.2472,0,18.1,0.484838690113223,0.584,5.837,59.7,1.9976,24,666,20.2,24.65,15.69,"train"
10.9,37.6619,0,18.1,0.316884317862034,0.679,6.202,78.7,1.8629,24,666,20.2,18.82,14.52,"test"
11,7.36711,0,18.1,0.438409595391441,0.679,6.193,78.1,1.9356,24,666,20.2,96.73,21.52,"train"
9.5,9.33889,0,18.1,0.366179519320819,0.679,6.38,95.6,1.9682,24,666,20.2,60.72,24.08,"test"
14.5,8.49213,0,18.1,0.680164256677314,0.584,6.348,86.1,2.0527,24,666,20.2,83.45,17.64,"train"
14.1,10.0623,0,18.1,0.590635174154085,0.584,6.833,94.3,2.0882,24,666,20.2,81.33,19.69,"train"
16.1,6.44405,0,18.1,0.380337997818598,0.584,6.425,74.8,2.2004,24,666,20.2,97.95,12.03,"train"
14.3,5.58107,0,18.1,0.584583570888584,0.713,6.436,87.9,2.3158,24,666,20.2,100.19,16.22,"train"
11.7,13.9134,0,18.1,0.87797656749873,0.713,6.208,95,2.2222,24,666,20.2,100.63,15.17,"train"
13.4,11.1604,0,18.1,0.56601097881987,0.74,6.629,94.6,2.1247,24,666,20.2,109.85,23.27,"train"
9.6,14.4208,0,18.1,0.542066479693345,0.74,6.461,93.3,2.0026,24,666,20.2,27.49,18.05,"train"
8.7,15.1772,0,18.1,0.599378127365401,0.74,6.152,100,1.9142,24,666,20.2,9.32,26.45,"train"
8.4,13.6781,0,18.1,0.608410262871024,0.74,5.935,87.9,1.8206,24,666,20.2,68.95,34.02,"test"
12.8,9.39063,0,18.1,0.204987915732638,0.74,5.627,93.9,1.8172,24,666,20.2,396.9,22.88,"train"
10.5,22.0511,0,18.1,0.327015799370678,0.74,5.818,92.4,1.8662,24,666,20.2,391.45,22.11,"train"
17.1,9.72418,0,18.1,0.273269535484972,0.74,6.406,97.2,2.0651,24,666,20.2,385.96,19.52,"train"
18.4,5.66637,0,18.1,0.366935497429801,0.74,6.219,100,2.0048,24,666,20.2,395.69,16.59,"train"
15.4,9.96654,0,18.1,0.541005537305824,0.74,6.485,100,1.9784,24,666,20.2,386.73,18.85,"test"
10.8,12.8023,0,18.1,0.414492111783858,0.74,5.854,96.6,1.8956,24,666,20.2,240.52,23.79,"train"
11.8,10.6718,0,18.1,0.329385576402106,0.74,6.459,94.8,1.9879,24,666,20.2,43.06,23.98,"train"
14.9,6.28807,0,18.1,0.481159124155183,0.74,6.341,96.4,2.072,24,666,20.2,318.01,17.79,"test"
12.6,9.92485,0,18.1,0.626963847199034,0.74,6.251,96.6,2.198,24,666,20.2,388.52,16.44,"train"
14.1,9.32909,0,18.1,0.244774130309972,0.713,6.185,98.7,2.2616,24,666,20.2,396.9,18.13,"train"
13,7.52601,0,18.1,0.447070002943168,0.713,6.417,98.3,2.185,24,666,20.2,304.21,19.31,"train"
13.4,6.71772,0,18.1,0.245156896952801,0.713,6.749,92.6,2.3236,24,666,20.2,0.32,17.44,"train"
15.2,5.44114,0,18.1,0.540491540651128,0.713,6.655,98.2,2.3552,24,666,20.2,355.29,17.73,"train"
16.1,5.09017,0,18.1,0.255214985221001,0.713,6.297,91.8,2.3682,24,666,20.2,385.09,17.27,"test"
17.8,8.24809,0,18.1,0.254741614958341,0.713,7.393,99.3,2.4527,24,666,20.2,375.87,16.74,"test"
14.9,9.51363,0,18.1,0.811880438973138,0.713,6.728,94.1,2.4961,24,666,20.2,6.68,18.71,"train"
14.1,4.75237,0,18.1,0.169429952609949,0.713,6.525,86.5,2.4358,24,666,20.2,50.92,18.13,"train"
12.7,4.66883,0,18.1,0.185815711504619,0.713,5.976,87.9,2.5806,24,666,20.2,10.48,19.01,"train"
13.5,8.20058,0,18.1,0.521520256414743,0.713,5.936,80.3,2.7792,24,666,20.2,3.5,16.94,"train"
14.9,7.75223,0,18.1,0.68493278125223,0.713,6.301,83.7,2.7831,24,666,20.2,272.21,16.23,"train"
20,6.80117,0,18.1,0.359072764204366,0.713,6.081,84.4,2.7175,24,666,20.2,396.9,14.7,"train"
16.4,4.81213,0,18.1,0.522138794538851,0.713,6.701,90,2.5975,24,666,20.2,255.23,16.42,"train"
17.7,3.69311,0,18.1,0.307374512444577,0.713,6.376,88.4,2.5671,24,666,20.2,391.43,14.65,"test"
19.5,6.65492,0,18.1,0.423530093218504,0.713,6.317,83,2.7344,24,666,20.2,396.9,13.99,"train"
20.2,5.82115,0,18.1,0.420929666062059,0.713,6.513,89.9,2.8016,24,666,20.2,393.82,10.29,"train"
21.4,7.83932,0,18.1,0.369847804922176,0.655,6.209,65.4,2.9634,24,666,20.2,396.9,13.22,"train"
19.9,3.1636,0,18.1,0.543353718396004,0.655,5.759,48.2,3.0665,24,666,20.2,334.4,14.13,"train"
19,3.77498,0,18.1,0.564342845100095,0.655,5.952,84.7,2.8715,24,666,20.2,22.01,17.15,"train"
19.1,4.42228,0,18.1,0.470706543515237,0.584,6.003,94.5,2.5403,24,666,20.2,331.29,21.32,"test"
19.1,15.5757,0,18.1,0.481680855735832,0.58,5.926,71,2.9084,24,666,20.2,368.74,18.13,"train"
20.1,13.0751,0,18.1,0.438080099515115,0.58,5.713,56.7,2.8237,24,666,20.2,396.9,14.76,"train"
19.9,4.34879,0,18.1,0.69480567043093,0.58,6.167,84,3.0334,24,666,20.2,396.9,16.29,"test"
19.6,4.03841,0,18.1,0.510765263925077,0.532,6.229,90.7,3.0993,24,666,20.2,395.33,12.87,"test"
23.2,3.56868,0,18.1,0.281264797076961,0.58,6.437,75,2.8965,24,666,20.2,393.37,14.36,"train"
29.8,4.64689,0,18.1,0.476010407108124,0.614,6.98,67.6,2.5329,24,666,20.2,374.68,11.66,"test"
13.8,8.05579,0,18.1,0.570504330535229,0.584,5.427,95.4,2.4298,24,666,20.2,352.58,18.14,"test"
13.3,6.39312,0,18.1,0.541246246997138,0.584,6.162,97.4,2.206,24,666,20.2,302.76,24.1,"train"
16.7,4.87141,0,18.1,0.446262675971984,0.614,6.484,93.6,2.3053,24,666,20.2,396.21,18.68,"train"
12,15.0234,0,18.1,0.381427983335614,0.614,5.304,97.3,2.1007,24,666,20.2,349.48,24.91,"train"
14.6,10.233,0,18.1,0.42176572479174,0.614,6.185,96.7,2.1705,24,666,20.2,379.7,18.03,"train"
21.4,14.3337,0,18.1,0.29277829953341,0.614,6.229,88,1.9512,24,666,20.2,383.32,13.11,"train"
23,5.82401,0,18.1,0.48221649119536,0.532,6.242,64.7,3.4242,24,666,20.2,396.9,10.74,"test"
23.7,5.70818,0,18.1,0.255122249388229,0.532,6.75,74.9,3.3317,24,666,20.2,393.07,7.74,"train"
25,5.73116,0,18.1,0.536562538901398,0.532,7.061,77,3.4106,24,666,20.2,395.28,7.01,"test"
21.8,2.81838,0,18.1,0.517992039023994,0.532,5.762,40.3,4.0983,24,666,20.2,392.92,10.42,"test"
20.6,2.37857,0,18.1,0.634638547249255,0.583,5.871,41.9,3.724,24,666,20.2,370.73,13.34,"train"
21.2,3.67367,0,18.1,0.635391147907591,0.583,6.312,51.9,3.9917,24,666,20.2,388.62,10.58,"train"
19.1,5.69175,0,18.1,0.277069108081451,0.583,6.114,79.8,3.5459,24,666,20.2,392.68,14.98,"test"
20.6,4.83567,0,18.1,0.411763230003612,0.583,5.905,53.2,3.1523,24,666,20.2,388.22,11.45,"train"
15.2,0.15086,0,27.74,0.354700686139757,0.609,5.454,92.7,1.8209,4,711,20.1,395.09,18.06,"train"
7,0.18337,0,27.74,0.310686442683013,0.609,5.414,98.3,1.7554,4,711,20.1,344.05,23.97,"train"
8.1,0.20746,0,27.74,0.50809151989711,0.609,5.093,98,1.8226,4,711,20.1,318.43,29.68,"test"
13.6,0.10574,0,27.74,0.433306148417893,0.609,5.983,98.8,1.8681,4,711,20.1,390.11,18.07,"test"
20.1,0.11132,0,27.74,0.200094014838862,0.609,5.983,83.5,2.1099,4,711,20.1,396.9,13.35,"train"
21.8,0.17331,0,9.69,0.655519386762793,0.585,5.707,54,2.3817,6,391,19.2,396.9,12.01,"train"
24.5,0.27957,0,9.69,0.263369131929338,0.585,5.926,42.6,2.3817,6,391,19.2,396.9,13.59,"train"
23.1,0.17899,0,9.69,0.384329721043997,0.585,5.67,28.8,2.7986,6,391,19.2,393.29,17.6,"train"
19.7,0.2896,0,9.69,0.594955706218582,0.585,5.39,72.9,2.7986,6,391,19.2,396.9,21.14,"train"
18.3,0.26838,0,9.69,0.137483050180712,0.585,5.794,70.6,2.8927,6,391,19.2,396.9,14.1,"test"
21.2,0.23912,0,9.69,0.585971125231816,0.585,6.019,65.3,2.4091,6,391,19.2,396.9,12.92,"test"
17.5,0.17783,0,9.69,0.457655557052571,0.585,5.569,73.5,2.3999,6,391,19.2,395.77,15.1,"train"
16.8,0.22438,0,9.69,0.439500625193367,0.585,6.027,79.7,2.4982,6,391,19.2,396.9,14.33,"train"
22.4,0.06263,0,11.93,0.514825166416462,0.573,6.593,69.1,2.4786,1,273,21,391.99,9.67,"train"
20.6,0.04527,0,11.93,0.451804174941348,0.573,6.12,76.7,2.2875,1,273,21,396.9,9.08,"test"
23.9,0.06076,0,11.93,0.208303604391568,0.573,6.976,91,2.1675,1,273,21,396.9,5.64,"train"
22,0.10959,0,11.93,0.334574661300717,0.573,6.794,89.3,2.3889,1,273,21,393.45,6.48,"train"
11.9,0.04741,0,11.93,0.332541581574193,0.573,6.03,80.8,2.505,1,273,21,396.9,7.88,"test"
