"id","MEDV","CRIM","ZN","INDUS","CHAS","NOX","RM","AGE","DIS","RAD","TAX","PTRATIO","B","LSTAT","pt2.mean","pt2.median","pt2.mode","pt3.mean","pt3.median","pt3.mode","ols","qr","svm.linpred","svm.polypred","svm.radpred","svm.sigpred","ann","knn.pred","gbm","gam","loess","bart","cart"
"1",27.1,0.14455,12.5,7.87,"0",0.524,6.172,96.1,5.9505,5,311,15.2,396.9,19.15,17.3638577240887,16.6977758677945,16.1913827655311,17.9549681129146,17.1815109974796,18.0310621242485,19.1216030823263,20.3953693196607,19.6825374961061,18.674855008986,17.7741231654775,36.3604046097394,22.6718947871515,21.5105263157895,16.9072816859812,17.8957155874336,NA,18.530141210943,17.5071428571429
"2",18.9,0.17004,12.5,7.87,"0",0.524,6.004,85.9,6.5921,5,311,15.2,386.71,17.1,20.3275391060738,19.4737667927267,17.0571142284569,22.0386197434896,22.4826839114887,24.0911823647295,18.7723578861026,19.8149050993608,19.0797293828035,18.9242639175253,17.712922306083,37.3838552318076,22.6718947871515,23.0684210526316,17.637097549399,20.1796843912556,NA,21.1915771643197,17.5071428571429
"3",20.4,0.62976,0,8.14,"0",0.538,5.949,61.8,4.7075,4,307,21,396.9,8.26,22.4230070907582,21.7890428812921,21.2775551102204,18.2554174605265,17.7912463679456,18.1392785571142,19.9567430738977,19.1523842806479,19.3839608503149,20.1720251520636,18.8124087075576,22.7261218212262,22.6718947871515,24.7315789473684,23.519287749239,18.4884367599805,NA,20.3875487233275,21.7514705882353
"4",18.2,0.63796,0,8.14,"0",0.538,6.096,84.5,4.4619,4,307,21,380.02,10.26,20.7531358197659,20.6287196152842,20.1953907815631,18.5249725793477,18.6285440706594,19.8707414829659,19.537980723503,18.8514762389058,18.8624702935143,19.6118174516455,17.6614737848634,14.7864022787236,22.6718947871515,26.0789473684211,20.2307481451855,18.3306939376177,NA,17.9076919721804,21.7514705882353
"5",19.9,0.62739,0,8.14,"0",0.538,5.834,56.5,4.4986,4,307,21,395.62,8.47,22.7025468314895,22.7630002364655,22.7925851703407,23.4787419498869,23.8409669966591,23.5501002004008,19.6886771506526,18.7723128343165,19.0941920056597,20.0288422280557,18.8893606999129,20.9318162814735,22.6718947871515,22.9105263157895,23.519287749239,18.0201223190515,NA,19.4065866428631,21.7514705882353
"6",17.5,0.7842,0,8.14,"0",0.538,5.99,81.7,4.2579,4,307,21,386.75,14.67,18.3106282144996,18.1290845445867,18.1392785571142,17.4375700161789,17.4798023891474,17.0571142284569,16.6410720734836,16.9689420606666,17.2469875336968,18.5444191050853,17.1029686648579,4.67370003709422,22.6718947871515,24.9210526315789,19.1192476436236,16.6297171748447,NA,17.9269140089478,21.7514705882353
"7",20.2,0.80271,0,8.14,"0",0.538,5.456,36.6,3.7965,4,307,21,288.99,11.69,22.614141090272,22.0038515134807,21.061122244489,14.9453435245157,14.8184792507305,14.8927855711423,15.9465484774742,15.4379830300005,16.1017343408802,19.7622323965627,19.158157023065,-4.75619415096956,22.6718947871515,24.1947368421053,20.9823251473247,17.401449504251,NA,17.4684827720178,21.7514705882353
"8",13.6,1.25179,0,8.14,"0",0.538,5.57,98.1,3.7979,4,307,21,376.57,21.02,13.2757456885288,12.9382592617662,12.2955911823647,12.5404811031891,11.2847264973539,9.8066132264529,11.8875739654509,12.6743512001844,13.0117328048807,15.2640944177098,15.5292952088247,-18.5057642444424,22.6718947871515,21.7210526315789,15.8943060810043,12.9486314014891,NA,13.7708677432395,17.5071428571429
"9",19.6,0.85204,0,8.14,"0",0.538,5.965,89.2,4.0123,4,307,21,392.53,13.83,17.987996092847,17.896265094685,18.1392785571142,16.0848402402327,15.4730649966705,15.4338677354709,17.6254437132347,17.3572178474666,17.5092904054664,18.3430387903041,16.7822231832242,4.90067340185826,22.6718947871515,23.2789473684211,20.468076182181,17.093028493368,NA,17.8545728200413,21.7514705882353
"10",15.2,1.23247,0,8.14,"0",0.538,6.142,91.7,3.9769,4,307,21,396.9,18.72,15.5382204031356,15.2894878676521,15.6503006012024,16.2480229818094,15.5382008403462,13.810621242485,15.057296058838,16.3354766169078,16.7129081858244,17.352589545566,16.6019841064954,-3.41599923087644,22.6718947871515,19.9210526315789,16.779034803495,13.9491046801515,NA,16.2855052861004,17.5071428571429
"11",13.9,0.84054,0,8.14,"0",0.538,5.599,85.7,4.4546,4,307,21,303.42,16.51,16.8274107503319,16.5678377625726,17.0571142284569,14.7452001573068,14.6527172572937,14.5681362725451,13.0292688353214,13.3009447817996,13.46942452138,17.5643814463004,15.7635322724801,-15.4500656700712,22.6718947871515,23.7894736842105,16.9416252602467,15.0396005306777,NA,16.0135535912409,17.5071428571429
"12",14.8,0.95577,0,8.14,"0",0.538,6.047,88.8,4.4534,4,307,21,306.38,17.28,16.5704174519438,16.2133395879833,15.8667334669339,15.584045914653,15.5104581557721,15.4338677354709,13.9678323154985,15.0704871013067,15.2736715937346,18.0697477431728,16.2158046780823,-11.1519872150119,22.6718947871515,23.7894736842105,16.6928666504853,15.4219711065968,NA,15.2703895737119,17.5071428571429
"13",13.2,1.38799,0,8.14,"0",0.538,5.95,82,3.99,4,307,21,232.6,27.71,14.1048301809348,12.9148500582627,10.7805611222445,12.5113743766448,12.3068395525707,12.4038076152305,6.52348832675581,10.2970038214533,11.0458657244964,16.6100713164625,16.9247802714065,-38.2329581879792,22.6718947871515,20.7210526315789,14.9906512507129,12.3543019447417,NA,17.4299992729885,17.5071428571429
"14",13.5,1.61282,0,8.14,"0",0.538,6.096,96.9,3.7598,4,307,21,248.31,20.34,18.5468864421882,18.1046127450951,16.2995991983968,13.9431191618269,14.0157397356834,14.2434869739479,12.4924564301006,13.9249853333468,14.1535539394827,17.7581594122365,16.1399767685787,-25.7511788695568,22.6718947871515,22.0526315789474,16.1650103514471,14.3509831192902,NA,14.5410044589755,17.5071428571429
"15",18.9,0.06417,0,5.96,"0",0.499,5.933,68.2,3.3603,5,279,19.2,396.9,9.68,23.5551343145105,23.0408161651374,22.9008016032064,21.5184833987057,20.7744041249831,20.5200400801603,24.2461495395676,22.243063671831,22.1976446073089,21.4527379282544,20.9133236946339,20.3664437379725,22.6718947871515,24.8368421052632,23.0481098870099,24.5119904034267,NA,21.4701996488184,21.7514705882353
"16",30.8,0.02763,75,2.95,"0",0.428,6.595,21.8,5.4011,3,252,18.3,395.63,4.32,29.3795283612624,29.0308473196257,29.1773547094188,26.8206620512975,26.1153017196858,26.1472945891784,31.4309588519876,29.22259188465,29.6142653552765,28.6549985675989,27.8318662843866,14.5329838613089,22.6718947871515,31.3842105263158,28.4387528414947,28.7648664252794,NA,29.4958991434661,27.709756097561
"17",34.9,0.03359,75,2.95,"0",0.428,7.024,15.8,5.4011,3,252,18.3,395.62,1.98,29.8698735261402,28.2083155726554,26.9048096192385,27.7464886877732,27.4690126278543,28.2034068136273,34.2159155247878,32.1586865125944,32.5607717124389,33.4526060622899,33.4297762651313,-2.03962157441336,22.6718947871515,31.6736842105263,38.4418693743599,37.7812383810901,NA,33.5775026605889,34.48
"18",25.3,0.1415,0,6.91,"0",0.448,6.169,6.6,5.7209,3,233,17.9,383.37,5.81,25.7739222912964,25.4635332514006,25.7144288577154,27.0995501715614,27.2945298184421,27.1212424849699,25.34461169623,24.8261114461194,25.1231490819804,25.3710491153761,23.5223631013878,21.1188776213771,22.6718947871515,23.3263157894737,24.7329256613897,26.4693005009618,NA,24.7255401777189,21.7514705882353
"19",16.6,0.22927,0,6.91,"0",0.448,6.03,85.5,5.6894,3,233,17.9,392.74,18.8,19.3931008877677,20.2863769062727,23.4418837675351,23.9967671448377,23.8172132630013,26.7965931863727,17.4985926125198,18.5194704899723,18.3038248372604,18.1932104371117,19.2366196283808,14.7760492020522,22.6718947871515,28.8421052631579,17.3757208871569,18.5788807105845,NA,19.1184951923223,17.5071428571429
"20",14.4,0.25387,0,6.91,"0",0.448,5.399,95.3,5.87,3,233,17.9,396.9,30.81,13.2674067466772,13.1681151625064,17.3817635270541,21.5091276809959,22.2386144591257,23.3336673346693,7.56815864510536,10.8480787682246,11.0068651677024,13.758728608552,19.280580022272,-20.6252584407315,22.6718947871515,27.5947368421053,15.0952056706563,15.088312350719,NA,14.1486987566978,17.5071428571429
"21",19.4,0.21977,0,6.91,"0",0.448,5.602,62,6.0877,3,233,17.9,396.9,16.2,18.2367903077602,17.8001986698375,18.0310621242485,22.5011858846116,22.1498564670507,22.7925851703407,17.0675378678967,17.4741911269822,17.4129306789434,18.7118474894247,18.9507994437922,17.4396000889261,22.6718947871515,24.8210526315789,17.2861035425366,19.3363165699292,NA,18.223094978063,17.5071428571429
"22",23.3,0.15445,25,5.13,"0",0.453,6.145,29.2,7.8148,8,284,19.7,390.68,6.86,24.2819520247282,24.0799073029765,24.6322645290581,30.119950095926,30.2213104942292,29.6102204408818,22.218652907393,21.9334295189119,22.0736421851904,21.9924991265397,22.161925532985,34.7093489024878,22.6718947871515,26.3789473684211,23.3966953827027,21.7611084207167,NA,24.1321063227132,21.7514705882353
"23",19.6,0.10328,25,5.13,"0",0.453,5.927,47.2,6.932,8,284,19.7,396.9,9.22,21.5294325783774,21.4609198096606,23.0090180360721,23.1791859466485,23.0112808187002,23.6583166332665,21.5780072825267,20.6929632297234,20.7377102910823,20.7129445164536,19.7773111300996,39.8110706098731,22.6718947871515,24.4263157894737,22.454396705376,19.7222829896158,NA,22.1782193982669,21.7514705882353
"24",25,0.1265,25,5.13,"0",0.453,6.762,43.4,7.9809,8,284,19.7,395.58,9.5,21.5550474293205,21.420827702516,18.7885771543086,32.321333327292,33.2379941599336,32.6402805611222,22.3778990860446,23.5505760495187,23.6580868366631,24.4283687809518,26.4702660122585,35.9654656329472,22.6718947871515,24.1526315789474,23.535495679401,21.0517978008411,NA,24.9693107503282,27.709756097561
"25",22,0.05789,12.5,6.07,"0",0.409,5.878,21.4,6.498,4,345,18.9,396.21,8.1,24.3506156638317,23.6339476936327,19.9789579158317,19.7936040213903,20.1764321193298,20.9529058116232,21.428917384488,20.8416707734104,21.1918315700648,20.7382748512228,19.948269636344,31.6056457204382,22.6718947871515,25.0105263157895,22.8759510530107,19.9910188438784,NA,21.281906248448,21.7514705882353
"26",24.1,0.07896,0,12.83,"0",0.437,6.273,6,4.2515,5,398,18.7,394.92,6.78,25.0436286083183,24.6836743502246,24.7404809619238,22.3530579430693,21.7630256237734,22.0350701402806,25.6524537256124,24.4837766363949,25.1268719912457,23.3772147994701,23.8142403604625,35.9183560472356,22.6718947871515,24.5947368421053,23.6817685289335,23.0455727288665,NA,23.3577105548322,21.7514705882353
"27",21.2,0.05646,0,12.83,"0",0.437,6.232,53.7,5.0141,5,398,18.7,386.4,12.34,20.6074363496141,20.2002199009307,20.0871743486974,19.4302706849062,19.3855250857457,19.6543086172345,21.2548629906404,20.8896803923983,21.0437962628944,21.4832103079035,20.7603094172961,26.7390221302665,22.6718947871515,20.9210526315789,20.1861252588681,20.1351652503718,NA,19.8096900112744,21.7514705882353
"28",24.8,0.03659,25,4.86,"0",0.426,6.302,32.2,5.4007,4,281,19,396.9,6.72,26.3543454338584,26.5770689353298,26.2555110220441,27.4205279961612,27.7454365933509,27.3376753507014,26.2464124127417,24.914413329951,25.182059859022,24.1722104291389,23.7516341180167,36.7917082445669,22.6718947871515,26.2052631578947,23.4343556734065,22.6535663726079,NA,23.6684676743337,21.7514705882353
"29",23.9,0.05059,0,4.49,"0",0.449,6.389,48,4.7794,3,247,18.5,396.9,9.62,25.2091541748679,24.67742832949,23.0090180360721,21.749531000133,21.3801758674682,22.251503006012,24.6702739992855,24.323791750972,24.4097545030137,24.180993321257,24.60521301673,26.4130824784514,22.6718947871515,24.8368421052632,22.8845466474151,19.826838392605,NA,24.3478029953622,21.7514705882353
"30",26.6,0.05735,0,4.49,"0",0.449,6.63,56.1,4.4377,3,247,18.5,392.3,6.53,28.9442480455522,28.8934311804061,29.502004008016,31.561947222513,31.9886912499465,31.125250501002,27.9860163079188,26.7625252410307,26.622679890398,26.7541968131356,27.1314269265076,28.3897690814052,22.6718947871515,24.9368421052632,24.3360100996313,23.5209384476703,NA,27.6432878246013,27.709756097561
"31",22.2,0.07151,0,4.49,"0",0.449,6.121,56.8,3.7476,3,247,18.5,395.15,8.44,26.4361589245141,26.0250288755255,23.7665330661323,29.0427258064545,31.7783924869538,31.9909819639279,26.2065832750849,24.3202901433746,24.2717043057526,23.6402589824478,23.0723522916526,25.8679159756299,22.6718947871515,25.5157894736842,25.1435308837965,23.62393575371,NA,25.4597784252254,21.7514705882353
"32",23.6,0.0566,0,3.41,"0",0.489,7.007,86.3,3.4217,2,270,17.8,396.9,5.5,31.9465173606633,32.5794872857083,33.6142284569138,30.5977397887144,30.7932673010678,29.8266533066132,30.9697898396458,29.3291181069004,28.7613087046936,29.8478654036872,29.8454016955494,37.5929115240115,22.6718947871515,27.4894736842105,32.4094127121407,31.9454119289169,NA,28.0292589915411,34.48
"33",22.9,0.04203,28,15.04,"0",0.464,6.442,53.6,3.6659,4,270,18.2,395.01,8.16,18.180761603215,18.3097302242141,20.8446893787575,28.1207026542506,26.3687448272986,25.9308617234469,29.243535232624,26.6089565808518,26.6607208126907,23.0776285006874,24.8912127271972,60.0970763260994,22.6718947871515,26.6157894736842,24.9364272177847,23.9757598904758,NA,23.6522476656961,21.7514705882353
"34",21.4,0.11504,0,2.89,"0",0.445,6.163,69.6,3.4952,2,276,18,391.83,11.34,25.0956152935285,24.1206797593611,22.1432865731463,23.0553881082175,22.7701504693431,22.7925851703407,24.7180273122361,23.4609615573735,23.3505576167294,23.0308642791101,22.4520016875351,22.8839195641035,22.6718947871515,24.3263157894737,21.6651793839963,22.0758041452381,NA,21.2054648683218,21.7514705882353
"35",26.5,0.11432,0,8.56,"0",0.52,6.781,71.3,2.8561,5,384,20.9,395.58,7.67,26.9790990659484,27.8094682040872,28.4198396793587,25.928437756552,27.0295740081276,26.3637274549098,25.6387966509181,24.5394461690937,24.7970281685366,22.6921485831696,24.2974028331413,27.6251926054018,22.6718947871515,23.8368421052632,26.903628916983,25.8600826192627,NA,26.6921892276329,27.709756097561
"36",18.6,0.22876,0,8.56,"0",0.52,6.405,85.4,2.7147,5,384,20.9,70.8,10.63,35.3327711310262,35.6208964068298,37.4018036072144,12.9491383798806,12.9387365836784,12.9448897795591,19.178452240093,17.9887086337694,17.7987856094191,21.4547034333016,19.1868103380435,-17.8719581598938,22.6722544498658,16.9421052631579,20.6327211481284,20.7593015383128,NA,16.5525155468476,21.7514705882353
"37",19.5,0.1712,0,8.56,"0",0.52,5.836,91.9,2.211,5,384,20.9,395.67,18.66,17.5784953424459,17.4154778159085,17.5981963927856,18.7989655848331,20.1884886964596,20.1953907815631,16.6948806661771,16.3574147190691,16.8126488183467,18.1574536157866,17.6551738359413,-8.26770363549736,22.6718947871515,24.8578947368421,17.2659526525865,14.7005614726058,NA,17.0234219110519,17.5071428571429
"38",22.8,0.10084,0,10.01,"0",0.547,6.715,81.6,2.6775,6,432,17.8,395.59,10.16,21.1738564678043,20.6950477598131,19.8707414829659,19.0455667958814,18.8902081519023,18.8967935871743,26.6139554375,25.5367729021595,25.299346379709,22.878983956177,25.0220035553791,31.5699389993053,22.6718947871515,19.6842105263158,22.8541576609861,22.8597921493003,NA,22.0878667206269,27.709756097561
"39",18.3,0.17134,0,10.01,"0",0.547,5.928,88.2,2.4631,6,432,17.8,344.91,15.76,21.9085457264713,21.5250805691159,19.1132264529058,19.1775802244954,19.2181410041543,19.2214428857715,20.3151598461159,19.3190775047038,19.1480216382315,21.0052650664325,18.3914720031343,1.69760331766922,22.6718947871515,22.2368421052632,18.8249075817549,20.0366721286253,NA,17.9352583978907,17.5071428571429
"40",22,0.06899,0,25.65,"0",0.581,5.87,69.7,2.2577,2,188,19.1,389.15,14.37,7.78774973110687,7.66918733858724,7.20941883767535,19.5820596252552,19.740319802685,21.6022044088176,21.8376913619061,20.1797268123177,20.4409847305593,21.3287073896365,21.165143470929,16.1083435571531,22.6718947871515,28.4736842105263,21.2024111665668,18.2587406122903,NA,22.7668435484516,21.7514705882353
"41",20.5,0.09299,0,25.65,"0",0.581,5.961,92.9,2.0869,2,188,19.1,378.09,17.93,5.66755760528143,4.00510850098153,0.5,18.7050750746709,19.0334168963993,20.9529058116232,20.1843154276562,19.023240595907,19.128323537413,19.1803021904599,19.1346758009738,7.2282413133587,22.6718947871515,28.9736842105263,18.2680042579006,17.2489446460067,NA,17.753069851887,17.5071428571429
"42",17.3,0.15038,0,25.65,"0",0.581,5.856,97,1.9444,2,188,19.1,370.31,25.41,4.41307790317947,3.69132663008832,0.5,16.6731656921604,17.1277783264542,19.3296593186373,15.1107933663303,15.7075907998645,16.106023334734,16.8130603538044,17.035311772513,-5.21576250829568,22.6718947871515,28.9736842105263,16.1386489253859,14.1704695458118,NA,15.418421646118,17.5071428571429
"43",18.8,0.09849,0,25.65,"0",0.581,5.879,95.8,2.0063,2,188,19.1,379.38,17.58,5.14065218532062,3.98897809193719,0.716432865731463,18.6141636292144,18.9099137655661,20.8446893787575,20.3286567951732,18.8271589187596,18.8739082499214,18.8767001090292,18.8964443438816,6.86612127780337,22.6718947871515,28.9736842105263,18.2680042579006,17.7943046965948,NA,17.4598083043333,17.5071428571429
"44",23,0.59005,0,21.89,"0",0.624,6.372,97.9,2.3274,4,437,21.2,385.76,11.12,17.3223433228058,17.4610031644714,17.9228456913828,18.9558974907172,19.0283060445438,19.6543086172345,20.2610204256978,19.068025523423,19.2495503644105,20.0882183694904,19.8814475740756,20.5999715200423,22.6718947871515,19.6842105263158,20.9823251473247,18.4624653497715,NA,20.2112821074083,21.7514705882353
"45",15.6,0.97617,0,21.89,"0",0.624,5.757,98.4,2.346,4,437,21.2,262.76,17.31,12.8163215975777,11.9471230309841,9.15731462925852,10.7296375363372,10.670236410681,10.564128256513,12.8329736916436,12.430889583046,12.7150577837881,16.8931041679421,15.2876915391043,2.68222118492099,22.6718947871515,23.0421052631579,17.1737393821818,16.3678048268736,NA,14.1964416857494,17.5071428571429
"46",17.8,0.54452,0,21.89,"0",0.624,6.151,97.9,1.6687,4,437,21.2,396.9,18.46,15.3081583276178,15.4336855830281,14.3517034068136,17.2173060739323,17.2151004570627,16.5160320641283,15.8488159946889,16.0001543481059,16.5746618245582,16.1427329491514,15.9085606511654,14.7324992059633,22.6718947871515,17.8210526315789,17.1034718728921,18.6940438959478,NA,16.5913849420316,17.5071428571429
"47",14.4,1.62864,0,21.89,"0",0.624,5.019,100,1.4394,4,437,21.2,396.9,34.41,4.08733269775048,3.4597483827766,2.12324649298597,10.5173982707426,10.235412304711,7.20941883767535,2.14521501029366,4.77633725188383,6.019490002007,9.37469094101468,13.7035159707293,27.1678107726436,22.6718947871515,17.8210526315789,19.6159679189086,18.5058671015161,NA,13.0699810531287,17.5071428571429
"48",13.4,3.32105,0,19.58,"1",0.871,5.403,100,1.3216,5,403,14.7,396.9,26.82,14.6273521800242,15.0857471650418,15.6503006012024,17.6228200198714,17.085386073695,17.2735470941884,14.1516094079909,15.9858708047107,15.3034257638093,13.0711110254906,15.3497296728037,-4.25587009481616,22.6718947871515,22.3105263157895,22.3548313943817,18.2679818091644,NA,20.7138440509987,17.5071428571429
"49",15.6,4.0974,0,19.58,"0",0.871,5.468,100,1.4118,5,403,14.7,396.9,26.42,14.6287047209715,15.3884439340759,15.7585170340681,22.2917073658202,22.4950334506742,28.0951903807615,11.0080111824611,13.5815939277358,13.5424666143771,15.4803827436237,15.8303170150228,-11.5829883918782,22.6718947871515,24.1894736842105,20.2973072002709,16.374626701883,NA,15.3178849060377,17.5071428571429
"50",11.8,2.77974,0,19.58,"0",0.871,4.903,97.8,1.3459,5,403,14.7,396.9,29.29,13.7469830245606,13.9074037471248,14.5681362725451,14.4261042912797,14.1410146641133,14.2434869739479,7.56836761422831,10.1572970466702,10.2305298251606,14.9359412149621,16.1041275461357,-7.42300395701707,22.6718947871515,22.2947368421053,21.0354414422398,17.0518361862218,NA,20.769936981425,17.5071428571429
"51",13.8,2.37934,0,19.58,"0",0.871,6.13,100,1.4191,5,403,14.7,172.91,27.8,16.7957049563824,15.8830481256537,15.9749498997996,15.1102040879379,14.3185236403974,13.9188376753507,9.71590898428459,13.8609734688419,13.6724927985367,18.0379835353992,16.3730450067617,-18.0378994622754,22.6718947871515,22.4947368421053,20.6382789800035,18.8384349803779,NA,20.6672892762267,17.5071428571429
"52",15.6,2.15505,0,19.58,"0",0.871,5.628,100,1.5166,5,403,14.7,169.27,16.65,21.4173164490731,22.3063578483171,27.0130260521042,18.867022371753,19.3053933232687,19.3296593186373,15.328872672351,15.6326172017696,14.852624254786,15.9670991811796,15.9033144576318,-21.9804867906442,22.6718947871515,22.4947368421053,20.7415334081711,20.6481039866469,NA,20.2947303931592,17.5071428571429
"53",19.6,1.49632,0,19.58,"0",0.871,5.404,100,1.5916,5,403,14.7,341.6,13.28,19.2212437025001,18.687481770368,16.8406813627255,17.091294334519,17.2286398162371,19.1132264529058,18.7788860429051,17.8235897720678,17.0443932743775,16.7374875348563,17.2316955779975,-9.99035255579361,22.6718947871515,24.4526315789474,19.9717223036222,19.2417031072454,NA,18.1146056260383,38.0428571428571
"54",41.3,1.22358,0,19.58,"0",0.605,6.943,97.4,1.8773,5,403,14.7,363.43,4.59,28.2505230742427,26.1168895508156,24.4158316633267,24.2118713762773,24.3116824496058,26.2555110220441,34.2359657286421,30.7369134134229,29.6009977278103,33.7472516234068,35.0747253044403,51.2964443856881,22.6718947871515,24.5526315789474,32.6971656180789,35.4577823248403,NA,33.3832745673864,27.709756097561
"55",24.3,1.34284,0,19.58,"0",0.605,6.066,100,1.7573,5,403,14.7,353.89,6.43,24.8013095322461,24.4201030614139,23.874749498998,23.1196285909431,22.9711664410511,22.0350701402806,30.4105831109505,25.9321931732752,24.7722886335912,26.3031193302652,25.954411186731,27.7330703370331,22.6718947871515,24.4526315789474,25.7022753358766,31.5679824248682,NA,27.1903896012982,21.7514705882353
"56",50,1.51902,0,19.58,"1",0.605,8.375,93.9,2.162,5,403,14.7,388.45,3.32,36.354408635263,36.5376477046565,45.8426853707415,25.3168077176095,25.3499251272321,26.688376753507,42.6932010507004,40.5408459650917,38.8712727798593,48.5176312236045,44.8996765516106,81.9980615760867,22.6718947871515,24.7684210526316,48.7993612411836,47.4412828191862,NA,50.2699350540158,44.6857142857143
"57",23.8,2.3004,0,19.58,"0",0.605,6.319,96.1,2.1,5,403,14.7,297.09,11.1,22.3633711137614,22.5303617223265,23.7665330661323,20.1844517595146,17.8436965910523,18.3557114228457,26.8389994459051,24.3122167179384,23.3763268105298,24.9760596334539,25.3824142013864,12.3524867758139,22.6718947871515,24.7684210526316,22.3434682225333,24.0132401403175,NA,22.5269510683804,21.7514705882353
"58",17.4,1.20742,0,19.58,"0",0.605,5.875,94.6,2.4259,5,403,14.7,292.29,14.43,19.5846349869623,19.7401721153877,20.7364729458918,17.5836116012535,17.5035137203528,18.3557114228457,22.8335399004436,20.8330129326227,20.0008094564707,22.4107895419732,20.9140582310322,0.981719219901287,22.6718947871515,24.7684210526316,21.2319677209715,23.5318437022303,NA,22.2479798144434,21.7514705882353
"59",19.1,2.3139,0,19.58,"0",0.605,5.88,97.3,2.3887,5,403,14.7,348.13,12.03,20.6829812226604,20.7356830259376,19.9789579158317,22.2462371733521,22.6176606736822,25.2815631262525,25.0540380685133,22.2275088639785,21.3190242077995,22.99202880692,21.7156589541075,10.6845627434943,22.6718947871515,24.4526315789474,22.3434682225333,24.8810432991993,NA,22.2571210649023,21.7514705882353
"60",23.1,0.13914,0,4.05,"0",0.51,5.572,88.5,2.5961,5,296,16.6,396.9,14.69,23.5053443533166,23.1147860570112,22.251503006012,23.8953724444971,24.1898010603799,27.0130260521042,23.3149827594052,21.1829178459302,20.7181420574642,21.5791177535961,20.0190434621239,10.1531279710911,22.6718947871515,21.8263157894737,20.6615581853992,20.3546461277611,NA,19.4531815991484,21.7514705882353
"61",37.2,0.0578,0,2.46,"0",0.488,6.98,58.4,2.829,3,193,17.8,396.9,5.04,31.3360418606297,31.1658540092887,29.7184368737475,31.2728634307628,30.9103457992956,30.0430861723447,32.9858563451388,31.2357969986313,31.0144091071505,33.2801429498803,33.0113182040131,30.1071601802181,22.6718947871515,29.4631578947368,29.6360438489007,35.8940370985651,NA,38.9790680259291,34.48
"62",50,0.05602,0,2.46,"0",0.488,7.831,53.6,3.1992,3,193,17.8,392.63,4.45,31.4093598714462,31.4383999786697,35.2374749498998,30.672387183067,30.4074580396792,30.4759519038076,35.350050358275,35.0803670424837,34.9404827334825,43.1145190158566,42.0715651479311,23.9452065090404,22.6718947871515,28.8631578947368,44.6849443863842,48.0400106378188,NA,47.6333946014698,44.6857142857143
"63",34.9,0.0837,45,3.44,"0",0.437,7.185,38.9,4.5667,5,398,15.2,396.9,5.39,32.9453990980265,32.7971130670479,32.8567134268537,35.6212451827456,35.7451095962519,35.0210420841683,34.5245522602209,33.0056521219475,32.7666090881092,32.5728203118917,36.6335706145684,28.9149186034433,22.6718947871515,25.3631578947368,33.249203437985,31.4505834662216,NA,35.5737423388622,34.48
"64",31.1,0.02187,60,2.93,"0",0.401,6.8,9.9,6.2196,1,265,15.6,393.37,5.03,29.3016255768831,29.2363993712078,30.0430861723447,33.7814345565045,36.133432076776,36.4278557114228,31.9207553092384,30.9615208510966,31.0945396081128,33.0170063397252,31.535877397875,-21.1767591540595,22.6718947871515,26.2894736842105,27.995861761269,27.7223604645817,NA,29.2004147113903,27.709756097561
"65",29.1,0.01439,60,2.93,"0",0.401,6.604,18.8,6.2196,1,265,15.6,376.7,4.38,32.0812112500457,32.1417629093371,34.0470941883768,30.0787699794478,29.1185107263148,29.8266533066132,31.6623465363162,30.010331323907,29.9482759130389,31.0848434100568,29.2164311165143,-13.1115202029946,22.6718947871515,27.5,28.811238548267,28.3872583263493,NA,29.7789503566659,27.709756097561
"66",50,0.01381,80,0.46,"0",0.422,7.875,32,5.6484,4,255,14.4,394.23,2.97,41.4924843643336,42.9742445580625,44.003006012024,34.6523321794074,34.2943471395302,35.562124248497,40.5028743560439,39.1737931179629,38.8205643971688,49.4256282694835,46.9302882600778,-41.2789447394943,22.6718947871515,31.6473684210526,46.0591172769468,48.7238326390765,NA,47.4417667846352,44.6857142857143
"67",33.3,0.04011,80,1.52,"0",0.404,7.287,34.1,7.309,2,329,12.6,396.9,4.08,31.9449270328178,30.7453940897904,30.6923847695391,31.8928731102617,32.0151880569616,32.6402805611222,36.1852438668513,35.1010783159707,34.416163341659,38.5711423940574,35.6031231589364,-47.102478139099,22.6718947871515,25.4157894736842,36.9267263437512,35.5956476011107,NA,34.9585095701564,34.48
"68",34.6,0.03768,80,1.52,"0",0.404,7.274,38.3,7.309,2,329,12.6,392.2,6.62,29.696799110781,28.6646000524439,28.0951903807615,32.4625647284454,32.9337175558576,34.4799599198397,34.4746970706869,33.9853335824169,33.3554132343575,34.0981542022818,34.3485956198993,-35.0648770535491,22.6718947871515,25.4157894736842,32.8239836018878,31.836915517092,NA,33.363153602915,34.48
"69",34.9,0.0315,95,1.47,"0",0.403,6.975,15.3,7.6534,3,402,17,396.9,4.56,31.5753373388469,31.4066023546725,31.8827655310621,23.5290886677757,24.9327996907708,25.2815631262525,29.9156038344126,29.4015095736666,29.7153285678525,29.3947970951377,29.6895025960638,-27.9705550585276,22.6718947871515,26.6210526315789,30.5693616044446,29.0653511400172,NA,30.6603325850255,27.709756097561
"70",32.9,0.01778,95,1.47,"0",0.403,7.135,13.9,7.6534,3,402,17,384.3,4.45,31.0889638172887,30.9195680607983,31.125250501002,22.5784126256419,21.2413608500277,18.7885771543086,30.3205109440696,30.0611559595566,30.3890498979532,30.9746013724439,31.2901919884332,-32.2310296754784,22.6718947871515,26.6210526315789,37.038260367644,31.4956868647123,NA,34.6884167422376,34.48
"71",24.1,0.03445,82.5,2.03,"0",0.415,6.162,38.4,6.27,2,348,14.7,393.77,7.43,29.7830623620608,29.6378539784011,30.0430861723447,26.3944433821727,26.8357754413077,27.8787575150301,29.621354724076,27.3822880460549,27.1247870425862,24.1805337658774,22.7479958494991,7.14862662900632,22.6718947871515,26.278947368421,24.3236303083457,25.2768110393524,NA,22.9743482260427,21.7514705882353
"72",24.4,0.22969,0,10.59,"0",0.489,6.326,52.5,4.3549,4,277,18.6,394.87,10.97,21.5698100123604,21.5694321612092,22.4679358717435,28.4455649612872,28.3709057641575,27.0130260521042,23.5834895604757,23.1381637314,23.2698202015301,22.2352174531731,23.1317334055887,30.0714615275911,22.6718947871515,25.0684210526316,20.7624424978711,22.1099679657752,NA,21.9362076144193,21.7514705882353
"73",22.4,0.21719,0,10.59,"1",0.489,5.807,53.8,3.6526,4,277,18.6,390.94,16.03,19.7068419250381,20.2500245038438,22.9008016032064,19.249019876548,19.1356531191446,20.7364729458918,23.0597592836831,22.0600195605886,21.7626745073053,21.5604301247353,22.3150206851968,17.6351772479915,22.6718947871515,25.0684210526316,19.9661507216423,23.7220592813279,NA,22.8991673406129,17.5071428571429
"74",23.3,0.0456,0,13.89,"1",0.55,5.888,56,3.1121,5,276,16.4,392.8,13.51,19.108812101122,19.3538399800897,20.6282565130261,24.9804661928108,24.8255914592909,24.8486973947896,27.3453982618005,25.4183363106991,24.6651807854947,22.1098158590492,23.4200847517513,30.4059678739235,22.6718947871515,24.7473684210526,23.4293807176992,21.7666845231088,NA,23.5849197136436,21.7514705882353
"75",28.7,0.07013,0,13.89,"0",0.55,6.642,85.1,3.4211,5,276,16.4,392.78,9.69,20.8476664105022,20.6420800764006,17.1653306613226,21.5677938748169,20.9096784245661,21.2775551102204,28.6782804589748,27.0777208581855,26.4178813361517,24.6559836331368,27.1922985132147,41.7170023700659,22.6718947871515,26.2052631578947,24.375597976682,24.0786439105673,NA,23.0453978430509,27.709756097561
"76",23,0.11425,0,13.89,"1",0.55,6.373,92.4,3.3633,5,276,16.4,393.74,10.5,20.4659186996982,20.573664282367,20.8446893787575,20.1403201218908,20.2423630315547,21.061122244489,30.9037749195463,28.1622897592425,26.7639541337823,23.234260717953,24.4601557339584,40.2421720281056,22.6718947871515,27.7631578947368,23.485324499725,22.8132547329936,NA,21.1721047258726,21.7514705882353
"77",37.6,0.38214,0,6.2,"0",0.504,8.04,86.5,3.2157,8,307,17.4,387.38,3.13,32.805372069625,32.2327276670594,32.9649298597194,28.8311162646668,28.9240074119959,30.2595190380762,37.7989708236753,36.1715075738788,35.3834462079233,39.687358550362,43.5197794191666,44.2341845133256,22.6718947871515,26.5736842105263,47.1696411585057,50.3868882832287,NA,45.5385177205772,44.6857142857143
"78",31.6,0.41238,0,6.2,"0",0.504,7.163,79.9,3.2157,8,307,17.4,372.08,6.36,29.2707725156383,29.0136858893603,28.7444889779559,27.3900984248664,27.506340957464,29.2855711422846,32.7148705199074,30.7900714899929,30.1615868826751,28.4365945992331,33.6390215515069,35.7122364641372,22.6718947871515,26.2315789473684,34.3417522198567,35.0401013195693,NA,34.3972254566864,34.48
"79",46.7,0.29819,0,6.2,"0",0.504,7.686,17,3.3751,8,307,17.4,377.51,3.92,31.778910881412,31.2820098612019,30.8006012024048,31.1067135163984,30.7843696421878,30.1513026052104,34.997467538802,34.7828891808356,34.9826726569911,37.1986884224915,40.7652223197191,25.9441299955887,22.6718947871515,24.6736842105263,46.6007823780288,44.1600483273837,NA,43.7504520166088,44.6857142857143
"80",31.7,0.46296,0,6.2,"0",0.504,7.412,76.9,3.6715,8,307,17.4,376.14,5.25,30.3335025556627,29.9494851662203,30.8006012024048,28.8045882630599,29.6633921020263,31.125250501002,33.5535139779808,32.0287884055092,31.3839272792443,30.8193835214218,36.9439127953973,37.8694976107343,22.6718947871515,27.5473684210526,34.3417522198567,37.6441119806439,NA,34.7342309672436,34.48
"81",41.7,0.57529,0,6.2,"0",0.507,8.337,73.3,3.8384,8,307,17.4,385.91,2.47,35.3873695556989,34.0923743334639,29.934869739479,39.9281196068491,44.8245111354657,44.8687374749499,37.987231717887,37.3206511779045,36.6737506685039,43.4553637486574,46.8952814254084,38.9932159332749,22.6718947871515,27.7473684210526,47.1696411585057,49.4535857361896,NA,46.4526130948034,44.6857142857143
"82",25.1,0.52058,0,6.2,"1",0.507,6.631,76.5,4.148,8,307,17.4,388.45,9.54,26.2265456622458,26.5615645294451,27.0130260521042,27.9823218327315,27.8249516413749,27.0130260521042,31.1137164196282,29.1409469286065,27.9688247488728,23.6323538139974,26.1996400262347,33.7823656151399,22.6718947871515,27.421052631579,25.0919436069482,24.2010810289532,NA,28.2334011757967,27.709756097561
"83",23.7,0.08244,30,4.93,"0",0.428,6.481,18.5,6.1899,6,300,16.6,379.41,6.36,27.3648783792016,26.8902106513396,26.5801603206413,27.74947841317,26.6522332342881,26.4719438877756,28.6046367385353,27.6071486243658,27.5934434162802,26.4490953682268,26.6828947140712,18.834594589092,22.6718947871515,25.0526315789474,24.8047487779446,25.201008035944,NA,24.5620894595821,21.7514705882353
"84",22,0.11329,30,4.93,"0",0.428,6.897,54.3,6.3361,6,300,16.6,391.25,11.38,24.5279502403006,23.8148830566695,23.0090180360721,28.4582520263095,29.3592832512587,29.502004008016,26.9497212021974,27.2388602869815,26.9879560381392,24.6558064724777,28.5685136042694,34.7982397560376,22.6718947871515,22.7947368421053,23.4557088843222,23.717700001303,NA,23.3530036768927,27.709756097561
"85",20.1,0.10612,30,4.93,"0",0.428,6.095,65.1,6.3361,6,300,16.6,394.62,12.4,24.5630657943149,24.4039109613273,24.1993987975952,22.9079351408521,24.7085054134221,24.6322645290581,23.9797182189624,23.0534421223023,22.6317409668308,21.0246655396172,19.9557228635907,40.1510269943438,22.6718947871515,22.1947368421053,20.834265614426,20.6675813710529,NA,18.46206555176,21.7514705882353
"86",22.2,0.1029,30,4.93,"0",0.428,6.358,52.9,7.0355,6,300,16.6,372.75,11.22,24.7826281400805,24.0415786314095,22.6843687374749,20.4540539785642,19.4012504216854,20.1953907815631,24.147417348465,23.9881999162344,23.6335838830474,21.8278158049845,22.5415309160192,32.7767990429614,22.6718947871515,24.4157894736842,20.9262204343377,21.1381674406944,NA,19.0103954144381,21.7514705882353
"87",17.6,0.20608,22,5.86,"0",0.431,5.593,76.5,7.9549,7,330,19.1,372.49,12.5,21.4222728039832,21.2410633947064,20.6282565130261,18.2405775220089,17.9048754533257,18.5721442885772,16.983269468203,16.3403187351105,15.9345195919586,19.1320983420947,16.8708700510822,32.8943564559008,22.6718947871515,25.9263157894737,19.9569958946633,19.2154778701962,NA,17.6496115874894,21.7514705882353
"88",24.5,0.16439,22,5.86,"0",0.431,6.433,49.1,7.8265,7,330,19.1,374.71,9.52,24.1510294286257,24.058061149655,20.9529058116232,19.4669111452314,19.764815993485,22.4679358717435,21.4091807193407,21.8117661625629,21.7403108855527,22.4930976024408,22.8151665781455,35.570301711948,22.6718947871515,24.2473684210526,22.7953684851085,20.9949952444063,NA,22.875454671773,21.7514705882353
"89",26.2,0.19073,22,5.86,"0",0.431,6.718,17.5,7.8265,7,330,19.1,393.74,6.56,25.4425455827909,24.9398020268667,24.3076152304609,25.5569237455479,25.4866268497401,24.7404809619238,24.0596096014662,24.8151131245581,25.1033029899398,25.4649300527525,27.2753296354163,25.5730433934056,22.6718947871515,25.0421052631579,24.3266344727419,23.4159673287154,NA,26.1672676206368,27.709756097561
"90",21.9,0.04819,80,3.64,"0",0.392,6.108,32,9.2203,1,315,16.4,392.89,6.57,26.9322920583849,26.053637499648,24.5240480961924,23.8207285040192,23.9633265173339,24.9569138276553,24.3698266984342,23.6120920283985,23.4454640201425,21.4920185950011,21.2249998118038,-12.0885360804139,22.6718947871515,24.6736842105263,23.996335476671,21.9428273335442,NA,22.0046464711346,21.7514705882353
"91",50,0.61154,20,3.97,"0",0.647,8.704,86.9,1.801,5,264,13,389.7,5.12,37.7551668757632,36.4292164895172,36.5360721442886,38.2714060453209,38.2459770265942,36.2114228456914,42.5148265904044,42.5950476250591,41.5496093715188,59.3609163411694,48.4947634653381,88.1257236742568,22.6718947871515,28.6157894736842,41.2464348551831,44.677621746104,NA,47.4290395551627,44.6857142857143
"92",43.1,0.53412,20,3.97,"0",0.647,7.52,89.4,2.1398,5,264,13,388.37,7.26,35.6227042185256,35.8050643036593,38.375751503006,35.711468054421,35.8063624173983,36.5360721442886,36.9892192857983,35.9679554875645,34.8629183787263,37.3550084196115,38.9495176062319,83.41276500004,22.6718947871515,28.4526315789474,38.3528505058031,38.5914431557669,NA,43.3264293188703,44.6857142857143
"93",22.8,0.76162,20,3.97,"0",0.647,5.56,62.8,1.9865,5,264,13,392.4,10.45,29.905322937808,29.8545203358509,30.8006012024048,33.1496389130144,33.6551581347013,32.748496993988,28.7746312679445,26.133010483781,25.4178002266187,25.0886998732097,21.8693334494885,51.2995238109358,22.6718947871515,27.7263157894737,22.275827916966,26.6416824408672,NA,22.0115419468988,21.7514705882353
"94",30.7,0.7857,20,3.97,"0",0.647,7.014,84.6,2.1329,5,264,13,384.07,14.79,29.1773367638021,28.7470979459775,28.6362725450902,33.6847403012569,33.511301083321,34.1553106212425,30.3627356099728,30.7660410625792,30.0477661173032,26.5601103315281,29.5458852484322,66.7530270324399,22.6718947871515,28.4684210526316,28.0110800270619,29.5568217019003,NA,29.2342731202731,34.48
"95",32.4,0.05644,40,6.41,"1",0.447,6.758,32.9,4.0776,4,254,17.6,396.9,3.53,30.6248292686424,31.4994032547439,32.6402805611222,32.5422560296349,32.3513023490901,32.315631262525,37.1557251908917,33.6992785090125,33.1033038565419,27.7030180591033,31.6980814940655,41.5318410425967,22.6718947871515,28.3684210526316,34.0775370714847,32.0360906921844,NA,31.7364720398611,27.709756097561
"96",32,0.09604,40,6.41,"0",0.447,6.854,42.8,4.2673,4,254,17.6,396.9,2.98,27.8679604830495,27.5788632310628,31.6663326653307,33.3717670121876,33.4300288992854,36.4278557114228,34.2491349040284,31.4007760292743,31.2855371928202,28.9612964057837,32.3228130177046,39.740175370509,22.6718947871515,27.6631578947368,34.083730926797,33.6943105113983,NA,30.6341953399539,27.709756097561
"97",33.2,0.10469,40,6.41,"1",0.447,7.267,49,4.7872,4,254,17.6,389.25,6.05,25.963829175471,26.0325640525081,27.6623246492986,36.6174793670127,37.8282908020499,39.3496993987976,36.1427200301374,34.2040849594238,33.4810858064705,27.5747950397793,35.6006919239439,43.8671373165542,22.6718947871515,27.4578947368421,34.9501483550404,31.7429403805153,NA,33.2186995999867,34.48
"98",29.1,0.07978,40,6.41,"0",0.447,6.482,32.1,4.1403,4,254,17.6,396.9,7.19,27.0577542375069,27.9055930182049,28.6362725450902,29.9399325458477,30.7790791091996,32.5320641282565,30.3919831292624,28.329697086089,28.5486600810219,25.9344799438296,27.2590998075221,43.0336451936953,22.6718947871515,26.9210526315789,24.6106838790927,24.1193125175452,NA,25.3877474304932,21.7514705882353
"99",35.1,0.21038,20,3.33,"0",0.4429,6.812,32.2,4.1007,5,216,14.9,396.9,4.85,31.3011751246612,31.4953418164759,34.2635270541082,39.7010064690654,39.3475010429728,37.2935871743487,35.5813242390232,33.3383360906762,32.9356497441625,36.4596182624853,34.6430582225759,20.5763370965258,22.6718947871515,26.0052631578947,29.2540512924677,32.401698830654,NA,32.9986544846347,27.709756097561
"100",45.4,0.03578,20,3.33,"0",0.4429,7.82,64.5,4.6947,5,216,14.9,387.31,3.76,35.0272315969139,35.7501319639452,40.1072144288577,43.7346148096751,44.3719881475191,43.4619238476954,38.8425265659905,37.4434019069767,36.552139951275,46.7435003195876,46.7394107465044,22.4400706357608,22.6718947871515,28.8473684210526,47.0345210956307,46.2663656836425,NA,46.813130813166,44.6857142857143
"101",35.4,0.03705,20,3.33,"0",0.4429,6.968,37.2,5.2447,5,216,14.9,392.23,4.59,31.819892466511,31.0838724326498,28.4198396793587,39.7541952099584,39.287908110357,37.4018036072144,34.5919702879026,33.0576714699169,32.4948409748127,36.4546643020533,35.9255503059021,13.4870840473042,22.6718947871515,26.4526315789474,32.1427959036175,34.3424448469948,NA,34.1534904353107,27.709756097561
"102",32.2,0.00906,90,2.97,"0",0.4,7.088,20.8,7.3073,1,285,15.3,394.72,7.85,30.7374305211574,30.3528761158101,30.3677354709419,32.5135968106388,32.4573416738671,32.5320641282565,30.9621824238468,30.9812670729068,31.1042402266175,29.5280576051103,33.1299870156263,-33.4670531115284,22.6718947871515,28.6157894736842,31.0994310896055,26.6523624009393,NA,31.5665642531452,34.48
"103",22,0.01096,55,2.25,"0",0.389,6.453,31.9,7.3073,1,300,15.3,394.72,8.23,30.7300953512887,30.4822520337428,27.8787575150301,26.3578137230615,26.6750657084961,28.6362725450902,27.3087828732186,26.8686520812262,26.6856559433057,24.6171337420574,24.7840426634848,-2.93736968318165,22.6718947871515,23.4263157894737,23.8451755926851,19.3511222878324,NA,24.2057322675304,21.7514705882353
"104",24.8,0.04297,52.5,5.32,"0",0.405,6.565,22.9,7.3172,6,293,16.6,371.72,9.51,23.2907796661471,22.0400704598039,20.8446893787575,28.279577886906,28.9348649848491,29.502004008016,26.6915296691597,26.5093993398209,26.5616736050806,24.0513268624781,25.658399168429,12.6376550405744,22.6718947871515,24.4105263157895,23.5574893587712,22.2744607446191,NA,25.9199225811324,27.709756097561
"105",37.3,0.07886,80,4.95,"0",0.411,7.148,27.7,5.1167,4,245,19.2,396.9,3.56,29.318365730402,29.3456824599195,29.0691382765531,26.4964323778615,26.6337673323097,28.5280561122244,34.3074573763957,32.0034295259158,32.4608354559478,31.3625707707851,32.5459405476762,19.0540437309618,22.6718947871515,31.9526315789474,39.2424333705894,34.3448884842766,NA,33.5821277746773,34.48
"106",23.9,0.08265,0,13.92,"0",0.437,6.127,18.4,5.5027,4,289,16,396.9,8.58,24.2305790505329,24.1115442225581,22.251503006012,25.2170534980478,25.5014425745437,26.0390781563126,26.1046420584464,25.0978898228528,25.0871478454634,24.1414910562026,23.185590644469,35.010193973604,22.6718947871515,25.9157894736842,24.4885122889135,23.5293328030705,NA,24.9589415690281,21.7514705882353
"107",22,0.03537,34,6.09,"0",0.433,6.59,40.4,5.4917,7,329,16.1,395.75,9.5,25.8563924847817,25.6354781993227,27.5541082164329,22.6578877809867,17.5404364170649,17.5981963927856,28.9939084557256,27.8993788872002,27.7242535639887,24.6343423845886,27.0728280692403,37.5289340528846,22.6718947871515,24.2526315789474,23.6527506092553,23.5481791715808,NA,26.7072070327222,27.709756097561
"108",22.8,0.49298,0,9.9,"0",0.544,6.635,82.5,3.3175,4,304,18.4,396.9,4.54,28.0526023588276,27.9654029603685,27.4458917835671,25.7302801692977,25.7720907368291,24.4158316633267,29.4107156013167,26.9737241412398,26.4761279662555,24.2871543963284,26.0162841708861,40.4247052151982,22.6718947871515,25.2789473684211,29.2752619194665,29.0592444451523,NA,28.3320950284644,27.709756097561
"109",19.4,0.26169,0,9.9,"0",0.544,6.023,90.4,2.834,4,304,18.4,396.3,11.72,20.7639527380856,20.5996006993835,20.1953907815631,19.6928201061412,20.0042436314523,21.9268537074148,23.6225627878234,21.8030430360185,21.5160185161657,20.9884522351058,19.4482255144119,18.9122338652466,22.6718947871515,23.978947368421,21.3918479098311,21.2887040942395,NA,19.0183525859183,21.7514705882353
"110",21.6,0.26938,0,9.9,"0",0.544,6.266,82.8,3.2628,4,304,18.4,393.39,7.9,24.262678711349,24.2167956694473,24.8486973947896,22.5026301098676,23.2169306414763,25.2815631262525,26.1294063823251,24.0375794613265,23.6634737973486,22.2603790064184,21.8496980094964,30.9856504664774,22.6718947871515,25.1947368421053,25.0213592936172,24.4353474852608,NA,21.1764253709107,21.7514705882353
"111",23.1,0.40202,0,9.9,"0",0.544,6.382,67.2,3.5325,4,304,18.4,395.21,10.36,21.922181406499,21.544095621982,21.061122244489,24.1992351299654,23.3757413461843,21.9268537074148,24.296075798377,23.5886791487856,23.551986733837,22.2430745399231,22.8856671636854,29.8692273924941,22.6718947871515,25.5684210526316,21.3918479098311,21.3970939919437,NA,20.2783994553243,21.7514705882353
"112",18.5,0.28392,0,7.38,"0",0.493,5.708,74.3,4.7211,5,287,19.6,391.13,11.74,20.5557754635077,20.1296693699203,19.1132264529058,20.1184668635818,19.7604197657424,15.1092184368737,19.8830604448128,18.6419835742216,18.5521417727156,19.8006756749403,17.9670239104638,14.5503897691053,22.6718947871515,23.5052631578947,20.2034170291333,19.9789648576339,NA,18.804425184322,21.7514705882353
"113",23,0.30347,0,7.38,"0",0.493,6.312,28.9,5.4159,5,287,19.6,396.9,6.15,25.0209406061142,25.1691466020514,25.2815631262525,22.2206690363388,22.4814081410937,24.7404809619238,23.912345796256,23.5044573527298,23.8094849529572,23.0645573802807,23.7769258523006,31.489680553994,22.6718947871515,26.0368421052632,23.6817685289335,24.2592864130743,NA,24.6103036631511,21.7514705882353
"114",22.2,0.24103,0,7.38,"0",0.493,6.083,43.7,5.4159,5,287,19.6,396.9,12.79,20.4762394647518,19.7006838157289,19.3296593186373,16.3193386592208,16.7637289824713,17.3817635270541,19.032497547762,19.7861926225768,20.1766249782686,20.6888807145236,21.0063423926513,22.8710665515605,22.6718947871515,25.4789473684211,20.0522571451474,20.2205938894288,NA,19.9240287607428,21.7514705882353
"115",19.3,0.06617,0,3.24,"0",0.46,5.868,25.8,5.2146,4,430,16.9,382.44,9.97,24.0551138512488,23.0752423256388,22.7925851703407,19.9056508717732,19.6632172483682,20.8446893787575,21.2360894917992,21.2307553663959,21.4011041882616,21.1082656037673,19.9000691724488,23.4853474653504,22.6718947871515,24.2052631578947,22.4681591031951,20.6140514715651,NA,19.7930729241407,21.7514705882353
"116",19.4,0.03466,35,6.06,"0",0.4379,6.031,23.3,6.6407,1,304,16.9,362.25,7.83,27.2609405981199,26.8635891120822,24.1993987975952,22.4109634568674,22.6345072206286,27.8787575150301,23.397987734051,22.9075232443625,23.0108808128436,22.0944971213319,20.3726104763539,28.0078401028509,22.6718947871515,24.2315789473684,24.1861473724176,23.5054570779061,NA,20.2735164284212,21.7514705882353
"117",20.7,0.03738,0,5.19,"0",0.515,6.31,38.5,6.4584,5,224,20.2,389.4,6.75,21.9601495565711,21.7111944757276,22.1432865731463,23.6912767291365,23.8705182891641,24.3076152304609,21.6979943706678,22.127566999575,22.3022973066801,22.7126263163285,23.172483306299,28.9202575998392,22.6718947871515,26.1368421052632,23.5607802666911,23.1210659028128,NA,22.2309383186354,21.7514705882353
"118",18.7,0.06151,0,5.19,"0",0.515,5.968,58.5,4.8122,5,224,20.2,396.9,9.29,20.4473885507654,19.884148422149,19.9789579158317,20.6964095840524,19.3578232676075,19.0050100200401,21.7000610250413,20.90428555954,21.0095174852191,20.7802178739467,20.3936230738233,22.9700785084454,22.6718947871515,24.8315789473684,22.8056976597601,21.5952011378608,NA,21.8781895536506,21.7514705882353
"119",32.7,0.01301,35,1.52,"0",0.442,7.241,49.3,7.0379,1,284,15.5,394.74,5.49,33.5555339366573,33.440593536355,33.0731462925852,24.6076853169266,25.2851974529399,26.2555110220441,30.1698109980241,30.6073976544504,30.1046880663142,32.4896039225382,35.8264484924996,3.14922314550195,22.6718947871515,25.1578947368421,32.4433859620622,30.8140470236804,NA,35.0647664200682,34.48
"120",16.5,0.02498,0,1.89,"0",0.518,6.54,59.7,6.2669,1,422,15.9,389.96,8.65,42.0316698165888,41.3962549177961,38.375751503006,22.9334829165383,22.8221515297894,22.9008016032064,21.9939384023834,23.3910429303949,22.9424462902041,23.3645843493025,22.6870238736082,34.2362186893944,22.6718947871515,21.7210526315789,24.2453524364918,21.5896600396818,NA,24.3129603480887,21.7514705882353
"121",17.5,0.03113,0,4.39,"0",0.442,6.014,48.5,8.0136,3,352,18.8,385.64,10.53,29.3441854827982,28.9847299118842,28.5280561122244,19.2908366875406,19.3274154449767,19.3296593186373,16.6413260632589,18.0045484863931,17.9600620036754,19.8639505634232,19.823424767319,24.9094697230099,22.6718947871515,21.8684210526316,19.5874114489571,18.5597179850027,NA,20.0197292584591,21.7514705882353
"122",17.2,0.06162,0,4.39,"0",0.442,5.898,52.3,8.0136,3,352,18.8,364.61,12.67,27.5567396716466,27.6002419892503,28.6362725450902,18.3538623106366,18.3188693136668,18.3557114228457,14.6808362020992,16.3783703213925,16.3487125257949,18.7672187565689,18.8902932201493,20.9330769120836,22.6718947871515,23.3210526315789,19.5874114489571,18.0580783486018,NA,18.8903441823863,21.7514705882353
"123",26.6,0.02899,40,1.25,"0",0.429,6.939,34.5,8.7921,1,335,19.7,389.85,5.89,29.9019997701354,29.5664427483329,26.688376753507,24.9259525434523,26.9272591849653,27.0130260521042,21.8057196588837,23.6616976014385,23.936079610415,27.0988546948993,28.4623769548168,14.9205755208946,22.6718947871515,24.4368421052632,25.4973943229068,25.8237503164666,NA,27.0627490426961,27.709756097561
"124",17.8,8.98296,0,18.1,"1",0.77,6.212,97.4,2.1222,24,666,20.2,377.73,17.6,14.8197244762087,14.6157780470775,14.7845691382766,15.4352711944973,14.1988454109301,19.8707414829659,20.7599135118102,19.2914849111024,18.7184093616365,17.0805805497742,18.5685109096946,23.3867968355812,22.6718947871515,20.9,15.7084287409483,19.4011307719963,NA,17.0846914339118,12.1771929824561
"125",21.7,3.8497,0,18.1,"1",0.77,6.395,91,2.5052,24,666,20.2,391.34,13.27,19.9462074577065,20.0801785774289,19.9789579158317,21.3165693694522,22.7572773567027,22.0350701402806,24.1486660595047,22.3964202012322,21.6553606501973,21.4701516816581,22.9164401047509,18.4989378872441,22.6718947871515,17.9105263157895,20.0691977735989,21.9852533578119,NA,19.9650845020906,21.7514705882353
"126",22.7,5.20177,0,18.1,"1",0.77,6.127,83.4,2.7227,24,666,20.2,395.43,11.48,21.5257430582063,21.6083733028109,22.251503006012,20.5047244654947,21.6700599222334,21.8186372745491,24.0142328614815,21.5703750879448,20.8342205799462,23.0328030855711,24.4453801908863,12.7725164073296,22.6718947871515,18.9052631578947,19.918037889613,24.4155236578908,NA,19.8278234029126,21.7514705882353
"127",25,4.54192,0,18.1,"0",0.77,6.398,88,2.5182,24,666,20.2,374.56,7.79,22.4002360047046,21.8407420801434,22.1432865731463,21.9967527793233,21.608532666128,20.3036072144289,24.0412226799197,21.5421815894367,21.224132738195,23.4397831940721,23.800807847954,7.65559325496357,22.6718947871515,26.1210526315789,22.2984268305469,26.3272252911774,NA,25.4263061526037,21.7514705882353
"128",16.8,4.22239,0,18.1,"1",0.77,5.803,89,1.9047,24,666,20.2,353.04,14.64,18.2264463644804,18.2672811651507,19.1132264529058,19.3737303320298,18.1403516163519,18.24749498998,21.800353000008,19.2100067890759,18.5173998053915,20.6353308161824,22.4301434788266,23.4864688893621,22.6718947871515,24.8368421052632,19.1475091677837,23.5097918632395,NA,18.2191616157444,21.7514705882353
"129",15,19.6091,0,18.1,"0",0.671,7.313,97.9,1.3163,24,666,20.2,396.9,13.44,18.2697368186014,17.6996940615148,16.8406813627255,19.3136397267007,19.4875999534076,20.4118236472946,25.8531008108841,23.5964631873436,23.7186022279254,16.2037981872616,19.6026301076335,-10.9596820489268,22.6718947871515,12.4263157894737,29.5952158237606,27.8298091269216,NA,28.0841619923194,34.48
"130",13.9,15.288,0,18.1,"0",0.671,6.649,93.3,1.3449,24,666,20.2,363.02,23.24,11.6296844384708,11.5490901187289,13.0531062124248,14.5198173463171,13.0229065203433,11.8627254509018,17.2700673150412,17.104645212144,17.62083706647,11.4516697753537,11.8455965936436,13.9607259901889,22.6718947871515,24.1842105263158,16.2263537490939,17.0647119776334,NA,17.7836477434709,12.1771929824561
"131",8.8,20.0849,0,18.1,"0",0.7,4.368,91.2,1.4395,24,666,20.2,285.83,30.63,7.74521205310832,7.16282107645839,7.85871743486974,7.00711042779133,5.79487780942599,5.91082164328657,3.34166108926516,1.86310790719686,2.54250724379851,8.74957136479278,12.2592270310748,83.0308875089881,22.6718947871515,18.4947368421053,13.4072237489631,9.48392163379892,NA,13.7521071283233,12.1771929824561
"132",7.2,16.8118,0,18.1,"0",0.7,5.277,98.1,1.4261,24,666,20.2,396.9,30.81,10.2488510385607,10.2178794623554,10.564128256513,9.83444707127631,9.74650096728375,10.2394789579158,7.69718144606052,7.66260984261215,8.41820008468901,9.94283804116574,9.45655088208211,63.9781599479755,22.6718947871515,12.1684210526316,12.7955476987878,11.7415441079915,NA,8.8407323841612,12.1771929824561
"133",7.4,22.5971,0,18.1,"0",0.7,5,89.5,1.5184,24,666,20.2,396.9,31.99,8.39475881004388,8.28356910571232,9.91482965931864,4.59618872381967,4.60149542480771,5.15330661322645,5.30962359585464,5.11273750784377,6.08210636706444,11.1709767045055,9.95659241951871,67.089021129284,22.6718947871515,11.4631578947368,11.3796823317324,8.60361976210333,NA,9.93634906577615,12.1771929824561
"134",9.7,11.5779,0,18.1,"0",0.7,5.036,97,1.77,24,666,20.2,396.9,25.68,10.5039287175423,10.4521274817999,10.1312625250501,14.5315027840066,14.7437070895168,16.624248496994,10.2793986029018,8.93933557498705,9.36261230909507,11.4023474274965,11.6363062701233,49.0531730829183,22.6718947871515,12.6736842105263,10.2825281200106,6.77814016241236,NA,10.3366479830603,12.1771929824561
"135",13.1,8.71675,0,18.1,"0",0.693,6.471,98.8,1.7257,24,666,20.2,391.98,17.12,14.8537906755188,14.7458943819773,14.7845691382766,16.6293490615116,16.3098435538282,20.6282565130261,20.7480140850718,19.2537674429778,19.3245012351397,15.3578856427313,15.6794691513525,11.4961208612125,22.6718947871515,13.2210526315789,13.9065769619356,15.3977825617745,NA,12.3324288243421,12.1771929824561
"136",6.3,9.91655,0,18.1,"0",0.693,5.852,77.8,1.5004,24,666,20.2,338.16,29.97,11.4387833445574,11.367294765696,12.4038076152305,20.4118465626202,22.2550623568295,24.9569138276553,9.7444397190402,11.2125899946054,12.1200648089394,14.0292721215516,11.5775151939714,38.3102478486546,22.6718947871515,20.6157894736842,15.4311810813561,15.5699318498372,NA,11.8836278931411,12.1771929824561
"137",5.6,25.0461,0,18.1,"0",0.693,5.987,100,1.5888,24,666,20.2,396.9,26.77,11.1741043526663,10.9903405440204,9.48196392785571,10.1319203010396,10.2581152730169,11.7545090180361,11.7238284666705,11.1795772737469,11.8486157795464,7.93753842598843,8.06462269732771,36.2113906531237,22.6718947871515,11.6421052631579,8.2578408816038,7.94852958242499,NA,8.17602547044955,12.1771929824561
"138",8.3,24.8017,0,18.1,"0",0.693,5.349,96,1.7028,24,666,20.2,396.9,19.77,17.2367398480775,18.0618845826816,22.5761523046092,12.6430872112294,13.340397136447,14.1352705410822,14.16211940861,10.8343488087763,11.1602281549432,12.4706718811574,12.1032114021349,23.0467174668485,22.6718947871515,11.7105263157895,9.50077264989878,6.67288284984893,NA,9.47497025552033,12.1771929824561
"139",17.2,7.40389,0,18.1,"0",0.597,5.617,97.9,1.4547,24,666,20.2,314.64,26.4,11.1205600687396,11.0247573845258,11.6462925851703,13.8016022816172,13.5017460885303,13.377755511022,13.5027427999849,12.2625238715764,12.5990888854808,15.4430309000507,12.670597876094,29.778529691657,22.6718947871515,20,19.3900151444074,23.8189578834128,NA,19.5428278930755,12.1771929824561
"140",15,51.1358,0,18.1,"0",0.597,5.757,100,1.413,24,666,20.2,2.6,10.11,22.8229825409799,24.3006623402542,26.0390781563126,13.0244728369328,12.17471174565,10.2394789579158,17.2197401781202,9.22007712931256,8.88244131470236,18.6952162199896,15.0401988446145,-8.08327607305532,22.6718947871515,12.0368421052632,22.5636486935147,25.5953007102749,NA,23.3562347814217,38.0428571428571
"141",17.9,18.811,0,18.1,"0",0.597,4.628,100,1.5539,24,666,20.2,28.79,34.37,7.85894400996717,7.31058593714101,7.53406813627254,4.34131815079182,3.8401366763097,6.77655310621242,0.798730269846025,-0.29017874107687,0.110562320233594,11.303584830802,12.4744572729806,91.6033094653474,22.6718947871515,12,11.874273814735,12.7229394148879,NA,13.4043255969512,12.1771929824561
"142",7.2,18.0846,0,18.1,"0",0.679,6.434,100,1.8347,24,666,20.2,27.25,29.05,9.10822271881534,9.36353111682871,10.8887775551102,6.1048510707511,6.04751215706032,6.3436873747495,7.90244207755427,9.16567855596965,9.46673425842515,10.977742690056,10.1115607576394,52.5799098711878,22.6718947871515,12,7.7118790506556,5.07211221816667,NA,7.26286272751504,12.1771929824561
"143",8.4,11.8123,0,18.1,"0",0.718,6.824,76.5,1.794,24,666,20.2,48.45,22.74,10.4235600622607,8.95043903857147,8.94088176352705,11.361068165057,10.6024993897201,11.3216432865731,13.0661210712421,14.4369174504016,14.7812886121821,9.54953284153657,11.725003368295,24.187445502155,22.6718947871515,12.7684210526316,12.8217836549637,10.3340598786249,NA,14.1882784349713,12.1771929824561
"144",16.7,11.0874,0,18.1,"0",0.718,6.411,100,1.8589,24,666,20.2,318.75,15.02,20.4870519875562,20.0590240102165,16.1913827655311,16.7299990695828,16.0023483723809,16.1913827655311,20.22407603725,18.2383779425094,18.1297731806006,16.186797131004,16.9887498742179,9.55022234586209,22.6718947871515,20.2684210526316,13.3794415186736,15.4481504391778,NA,16.8715542755824,12.1771929824561
"145",13.4,7.05042,0,18.1,"0",0.614,6.103,85.1,2.0218,24,666,20.2,2.52,23.29,14.5039456055142,13.6347375878809,12.7284569138277,10.0474697527481,9.86581160362208,10.8887775551102,12.1813713740742,11.7196219820875,11.7436036374419,12.3947029577681,11.4591124395528,24.1008962709504,22.6718947871515,12,14.4115744036569,16.3889298354001,NA,15.6286866393934,12.1771929824561
"146",10.9,37.6619,0,18.1,"0",0.679,6.202,78.7,1.8629,24,666,20.2,18.82,14.52,21.4312403685356,21.8648375538408,23.2254509018036,9.57414904758793,10.4744872061485,10.4559118236473,14.5764139275321,10.8434316949773,10.9356051295019,8.9355180514469,12.9012283422522,-0.935239490785989,22.6718947871515,12,12.5383196467513,9.13334940530971,NA,12.6866224384847,21.7514705882353
"147",9.5,9.33889,0,18.1,"0",0.679,6.38,95.6,1.9682,24,666,20.2,60.72,24.08,11.8231633032829,11.3622878135015,11.3216432865731,11.3061533613265,11.5086415105433,12.2955911823647,11.9203709681424,12.357642796896,12.4119819250026,12.4471857783339,11.2198753344762,35.4478862317855,22.6718947871515,12.4263157894737,11.4768944069581,7.1014546093004,NA,8.79246333531979,12.1771929824561
"148",8.4,13.6781,0,18.1,"0",0.74,5.935,87.9,1.8206,24,666,20.2,68.95,34.02,5.66212444895969,4.64429478532449,5.04509018036072,9.65893776240937,9.51073413045154,9.69839679358717,2.65773997396034,5.67692433722249,6.3741108952642,9.05386466380907,9.94892781750107,77.7351649904991,22.6718947871515,12.1894736842105,10.1114151208523,10.0785288030605,NA,10.6421355592226,12.1771929824561
"149",15.4,9.96654,0,18.1,"0",0.74,6.485,100,1.9784,24,666,20.2,386.73,18.85,14.035499004907,14.0153149442261,13.9188376753507,14.6120740435793,14.6481943672612,15.8667334669339,18.2146988401124,17.7567349705542,17.9031657765481,12.5740463529574,13.4772312903135,18.6249186778167,22.6718947871515,12.8368421052632,12.8560493221504,14.5328998571655,NA,13.9193130185045,12.1771929824561
"150",14.9,6.28807,0,18.1,"0",0.74,6.341,96.4,2.072,24,666,20.2,318.01,17.79,14.7230351975549,14.2790311281468,14.1352705410822,16.0119748511908,15.7867394086367,17.5981963927856,17.8281805703418,17.2072365099209,17.2184970848595,14.7293452088484,15.1505163553009,19.5508306641003,22.6718947871515,20,14.5771240348041,17.3742398866085,NA,14.2012451144938,12.1771929824561
"151",16.1,5.09017,0,18.1,"0",0.713,6.297,91.8,2.3682,24,666,20.2,385.09,17.27,16.206090461822,16.2574778833558,16.5160320641283,19.734093331557,20.1727333691486,18.7885771543086,18.9492164324511,18.1623401358926,18.2417888634356,16.1411703800367,15.9248006211631,13.5327687582973,22.6718947871515,16.2105263157895,15.1310339520607,14.4948750144532,NA,16.1835402216791,17.5071428571429
"152",17.8,8.24809,0,18.1,"0",0.713,7.393,99.3,2.4527,24,666,20.2,375.87,16.74,16.2069089788552,15.9063715106911,14.8927855711423,16.8175584216462,15.5736601207505,15.8667334669339,22.2558330972961,22.7214239113396,22.7775170357712,13.6476259447451,17.1617677278349,8.02427030135583,22.6718947871515,20.8210526315789,23.1533887434998,22.7471980473152,NA,19.8682613858536,34.48
"153",17.7,3.69311,0,18.1,"0",0.713,6.376,88.4,2.5671,24,666,20.2,391.43,14.65,19.1862988751059,19.4794977751629,20.4118236472946,21.1485792726276,21.5012094646391,20.3036072144289,20.7804985196359,19.6491466267446,19.6362398354948,18.2750679525972,18.3837270116236,10.1746148058669,22.6718947871515,16.5,17.3676030494523,16.0752666535512,NA,20.6400352222313,21.7514705882353
"154",19.1,4.42228,0,18.1,"0",0.584,6.003,94.5,2.5403,24,666,20.2,331.29,21.32,13.8794306055887,13.4070898419269,12.7284569138277,17.7927498336995,17.6974567606893,16.624248496994,17.1195148594402,15.7739493729452,15.851811522452,16.8384874146012,14.6848052674545,5.78291156946533,22.6718947871515,20.4894736842105,15.9389924480629,15.9288975535523,NA,13.7024718626094,17.5071428571429
"155",19.9,4.34879,0,18.1,"0",0.58,6.167,84,3.0334,24,666,20.2,396.9,16.29,18.1621894707705,18.5071904057586,19.6543086172345,21.3993642219395,21.764655830184,20.9529058116232,20.9196553201911,18.8903940215365,18.9283281897419,19.4227360881837,18.0403537948331,-4.21632330841685,22.6718947871515,16.4526315789474,17.5147112623479,20.8314325555131,NA,17.2289091654826,17.5071428571429
"156",19.6,4.03841,0,18.1,"0",0.532,6.229,90.7,3.0993,24,666,20.2,395.33,12.87,20.0958920605472,19.9813904459418,20.1953907815631,21.2155918866833,21.6460946469911,20.8446893787575,24.2878193146653,20.7989418565485,20.5517984306134,21.6599691003288,20.7628005846606,-7.54944457413417,22.6718947871515,16.9842105263158,20.8038341472866,19.4119182336411,NA,20.7695514941614,21.7514705882353
"157",29.8,4.64689,0,18.1,"0",0.614,6.98,67.6,2.5329,24,666,20.2,374.68,11.66,23.191404730115,23.8161677247083,26.688376753507,21.407641431395,21.213575520753,21.4939879759519,26.0499207702176,24.4266453942226,24.5750590430746,20.1670561110753,22.8661911400629,-2.94768558247549,22.6718947871515,22.7157894736842,23.6150893129294,29.3340897937876,NA,28.3852115710924,34.48
"158",13.8,8.05579,0,18.1,"0",0.584,5.427,95.4,2.4298,24,666,20.2,352.58,18.14,14.6639203639403,14.5456052893984,13.810621242485,18.4270125438806,18.1223184236418,15.8667334669339,17.5231131772698,14.1006873193243,14.0355545628316,19.0400961683067,17.0358495184823,2.91154846090226,22.6718947871515,24.8368421052632,17.0530145150624,17.2452806659555,NA,12.8626752752352,12.1771929824561
"159",23,5.82401,0,18.1,"0",0.532,6.242,64.7,3.4242,24,666,20.2,396.9,10.74,21.5449259301206,21.5506449710858,19.9789579158317,22.8019619343548,23.2341348130176,23.2254509018036,24.7927501651056,21.4259905580181,21.4509162192038,22.6331326790993,22.4749066874331,-13.8536778813875,22.6718947871515,18.9368421052632,20.8038341472866,19.9785232778385,NA,20.3067430473525,21.7514705882353
"160",25,5.73116,0,18.1,"0",0.532,7.061,77,3.4106,24,666,20.2,395.28,7.01,23.4712184486002,23.6375204674335,24.7404809619238,24.2170020499724,24.5659545490281,23.9829659318637,29.9278217627515,26.4931921742404,26.2285871110165,24.1353128098614,25.5359172418486,-1.37753113509737,22.6718947871515,20.121052631579,31.6876010279931,27.342761065459,NA,27.1880120293413,34.48
"161",21.8,2.81838,0,18.1,"0",0.532,5.762,40.3,4.0983,24,666,20.2,392.92,10.42,20.7309096563867,20.7661646212543,19.437875751503,23.3707025145454,23.2460637955869,22.1432865731463,22.4667769275541,19.389462093751,19.625529829494,23.1049060131555,22.1621673191066,-12.8625927362995,22.6718947871515,19.2263157894737,20.2034170291333,16.7331809333517,NA,19.4543834381779,21.7514705882353
"162",19.1,5.69175,0,18.1,"0",0.583,6.114,79.8,3.5459,24,666,20.2,392.68,14.98,18.9300445474991,19.2432076371923,19.8707414829659,19.8092717081302,20.6400967894286,20.6282565130261,20.5923055578597,18.4599239591252,18.4656241839361,19.9759384483243,18.6406248843164,-9.0474513862002,22.6718947871515,17.4263157894737,18.3144030934311,21.7030433839411,NA,19.2511027394834,17.5071428571429
"163",8.1,0.20746,0,27.74,"0",0.609,5.093,98,1.8226,4,711,20.1,318.43,29.68,10.0397542430659,9.86183300609785,8.50801603206413,7.91429611814724,6.31166864933075,14.1352705410822,2.42300217286624,4.17812616324372,5.08450495629243,3.16670289009156,12.3025721221192,53.036056600817,22.6718947871515,20,15.0443840496671,12.3469111664272,NA,11.2777850877135,17.5071428571429
"164",13.6,0.10574,0,27.74,"0",0.609,5.983,98.8,1.8681,4,711,20.1,390.11,18.07,17.8478721554363,17.6516015455806,18.0310621242485,15.2889014379178,15.9324570844522,16.8406813627255,13.567241435176,13.4400611976261,13.9285486910513,14.2150974185598,15.6623880869422,33.1565270006692,22.6718947871515,14.3842105263158,16.9839274864352,15.4374682470383,NA,14.325741204781,17.5071428571429
"165",18.3,0.26838,0,9.69,"0",0.585,5.794,70.6,2.8927,6,391,19.2,396.9,14.1,19.2456468373704,18.8254546860471,18.7885771543086,18.5119517292236,18.2564994496094,18.3557114228457,19.0769642582728,18.5398697686769,18.7706312470188,20.794751805519,18.7027249427938,8.15813278467023,22.6718947871515,21.9736842105263,20.8038341472866,23.9053094974346,NA,20.5722978425019,21.7514705882353
"166",21.2,0.23912,0,9.69,"0",0.585,6.019,65.3,2.4091,6,391,19.2,396.9,12.92,20.9746732483266,20.8156351827714,21.4939879759519,23.579998575881,23.0310094531763,21.3857715430862,21.1866408872641,20.5213485620782,20.8250243182485,21.150780908626,20.690028073935,12.9705831110804,22.6718947871515,20.8578947368421,20.8038341472866,21.9294265047862,NA,20.9212932358912,21.7514705882353
"167",20.6,0.04527,0,11.93,"0",0.573,6.12,76.7,2.2875,1,273,21,396.9,9.08,21.0399150660447,20.9987376205888,21.9268537074148,17.4032813420659,17.4996735008099,17.9228456913828,22.5115212084298,20.9583873610047,21.2688671557627,20.204901346704,19.9925428270912,21.4406443108295,22.6718947871515,24.885,23.394793882205,19.8931549048336,NA,20.1301322965716,21.7514705882353
"168",11.9,0.04741,0,11.93,"0",0.573,6.03,80.8,2.505,1,273,21,396.9,7.88,21.2255950278463,21.0939840929595,22.9008016032064,17.3040386367339,17.3942347813459,21.8186372745491,22.7560681866416,20.7521677727597,20.9227557861636,20.0581068124453,19.3933250399483,22.5814344653061,22.6718947871515,25.1263157894737,24.1859326755458,21.846181148833,NA,19.9851093901148,21.7514705882353
